{
  "79165": {
    "id": "79165",
    "type": "gene/protein",
    "name": "LENG1",
    "source": ""
  },
  "89796": {
    "id": "89796",
    "type": "gene/protein",
    "name": "NAV1",
    "source": ""
  },
  "26531": {
    "id": "26531",
    "type": "gene/protein",
    "name": "OR11A1",
    "source": ""
  },
  "109616959": {
    "id": "109616959",
    "type": "gene/protein",
    "name": "SNORA80C",
    "source": ""
  },
  "32884": {
    "id": "32884",
    "type": "disease",
    "name": "ectodermal dysplasia with facial dysmorphism and acral, ocular, and brain anomalies",
    "source": ""
  },
  "22208": {
    "id": "22208",
    "type": "disease",
    "name": "crystal arthropathy",
    "source": ""
  },
  "54808": {
    "id": "54808",
    "type": "gene/protein",
    "name": "DYM",
    "source": ""
  },
  "17819": {
    "id": "17819",
    "type": "disease",
    "name": "atypical dentin dysplasia due to SMOC2 deficiency",
    "source": ""
  },
  "3968": {
    "id": "3968",
    "type": "disease",
    "name": "asynchronous multifocal osteogenic sarcoma",
    "source": ""
  },
  "19836": {
    "id": "19836",
    "type": "disease",
    "name": "congenital anomaly of hepatic vein",
    "source": ""
  },
  "2653": {
    "id": "2653",
    "type": "gene/protein",
    "name": "GCSH",
    "source": ""
  },
  "6952": {
    "id": "6952",
    "type": "disease",
    "name": "retinopathy of prematurity",
    "source": ""
  },
  "16259": {
    "id": "16259",
    "type": "disease",
    "name": "carcinosarcoma of the corpus uteri",
    "source": ""
  },
  "9472": {
    "id": "9472",
    "type": "disease",
    "name": "acetylation, slow",
    "source": ""
  },
  "285220": {
    "id": "285220",
    "type": "gene/protein",
    "name": "EPHA6",
    "source": ""
  },
  "29113": {
    "id": "29113",
    "type": "gene/protein",
    "name": "C6orf15",
    "source": ""
  },
  "10439": {
    "id": "10439",
    "type": "disease",
    "name": "cardiomyopathy, fatal fetal, due to myocardial calcification",
    "source": ""
  },
  "100873896": {
    "id": "100873896",
    "type": "gene/protein",
    "name": "HMGB1P41",
    "source": ""
  },
  "4805": {
    "id": "4805",
    "type": "disease",
    "name": "leukocyte disease",
    "source": ""
  },
  "16629": {
    "id": "16629",
    "type": "disease",
    "name": "hemorrhagic disorder due to a platelet anomaly",
    "source": ""
  },
  "5348": {
    "id": "5348",
    "type": "disease",
    "name": "keloid",
    "source": ""
  },
  "5334": {
    "id": "5334",
    "type": "gene/protein",
    "name": "PLCL1",
    "source": ""
  },
  "5323": {
    "id": "5323",
    "type": "disease",
    "name": "bacterial sexually transmitted disease",
    "source": ""
  },
  "2334": {
    "id": "2334",
    "type": "gene/protein",
    "name": "AFF2",
    "source": ""
  },
  "51062": {
    "id": "51062",
    "type": "gene/protein",
    "name": "ATL1",
    "source": ""
  },
  "677823": {
    "id": "677823",
    "type": "gene/protein",
    "name": "SNORA80E",
    "source": ""
  },
  "17903": {
    "id": "17903",
    "type": "disease",
    "name": "autosomal dominant mendelian susceptibility to mycobacterial diseases due to partial IFNgammaR2 deficiency",
    "source": ""
  },
  "106480894": {
    "id": "106480894",
    "type": "gene/protein",
    "name": "RN7SKP197",
    "source": ""
  },
  "83752": {
    "id": "83752",
    "type": "gene/protein",
    "name": "LONP2",
    "source": ""
  },
  "3941": {
    "id": "3941",
    "type": "disease",
    "name": "classic variant of chromophobe renal cell carcinoma",
    "source": ""
  },
  "80816": {
    "id": "80816",
    "type": "gene/protein",
    "name": "ASXL3",
    "source": ""
  },
  "55161": {
    "id": "55161",
    "type": "gene/protein",
    "name": "TMEM33",
    "source": ""
  },
  "13941": {
    "id": "13941",
    "type": "disease",
    "name": "metaphyseal chondromatosis with D-2-hydroxyglutaric aciduria",
    "source": ""
  },
  "19736": {
    "id": "19736",
    "type": "disease",
    "name": "dense deposit disease",
    "source": ""
  },
  "81341": {
    "id": "81341",
    "type": "gene/protein",
    "name": "OR10W1",
    "source": ""
  },
  "6613": {
    "id": "6613",
    "type": "gene/protein",
    "name": "SUMO2",
    "source": ""
  },
  "205272": {
    "id": "205272",
    "type": "gene/protein",
    "name": "CNN2P8",
    "source": ""
  },
  "245802": {
    "id": "245802",
    "type": "gene/protein",
    "name": "MS4A6E",
    "source": ""
  },
  "1524": {
    "id": "1524",
    "type": "disease",
    "name": "globe disease",
    "source": ""
  },
  "2767": {
    "id": "2767",
    "type": "gene/protein",
    "name": "GNA11",
    "source": ""
  },
  "21879": {
    "id": "21879",
    "type": "disease",
    "name": "small cell variant anaplastic large cell lymphoma",
    "source": ""
  },
  "7417": {
    "id": "7417",
    "type": "disease",
    "name": "Darier disease",
    "source": ""
  },
  "19231": {
    "id": "19231",
    "type": "disease",
    "name": "inborn disorder of pentose phosphate metabolism",
    "source": ""
  },
  "6629": {
    "id": "6629",
    "type": "gene/protein",
    "name": "SNRPB2",
    "source": ""
  },
  "5019": {
    "id": "5019",
    "type": "gene/protein",
    "name": "OXCT1",
    "source": ""
  },
  "57146": {
    "id": "57146",
    "type": "gene/protein",
    "name": "LDAF1",
    "source": ""
  },
  "14121_8453_8026_18190": {
    "id": "14121_8453_8026_18190",
    "type": "disease",
    "name": "proximal spinal muscular atrophy",
    "source": ""
  },
  "26212": {
    "id": "26212",
    "type": "gene/protein",
    "name": "OR2B6",
    "source": ""
  },
  "32783_24523_13902_3803": {
    "id": "32783_24523_13902_3803",
    "type": "disease",
    "name": "aortic valve disease",
    "source": ""
  },
  "4951": {
    "id": "4951",
    "type": "disease",
    "name": "susceptibility to HIV infection",
    "source": ""
  },
  "26330": {
    "id": "26330",
    "type": "gene/protein",
    "name": "GAPDHS",
    "source": ""
  },
  "79577": {
    "id": "79577",
    "type": "gene/protein",
    "name": "CDC73",
    "source": ""
  },
  "7592": {
    "id": "7592",
    "type": "gene/protein",
    "name": "ZNF41",
    "source": ""
  },
  "7052": {
    "id": "7052",
    "type": "gene/protein",
    "name": "TGM2",
    "source": ""
  },
  "154664": {
    "id": "154664",
    "type": "gene/protein",
    "name": "ABCA13",
    "source": ""
  },
  "25854": {
    "id": "25854",
    "type": "gene/protein",
    "name": "FAM149A",
    "source": ""
  },
  "9240": {
    "id": "9240",
    "type": "disease",
    "name": "formiminoglutamic aciduria",
    "source": ""
  },
  "27068": {
    "id": "27068",
    "type": "disease",
    "name": "mitochondrial complex 1 deficiency, mitochondrial type 1",
    "source": ""
  },
  "14992_30031_13527_15148_15146": {
    "id": "14992_30031_13527_15148_15146",
    "type": "disease",
    "name": "lissencephaly",
    "source": ""
  },
  "407055": {
    "id": "407055",
    "type": "gene/protein",
    "name": "MIR99A",
    "source": ""
  },
  "8905": {
    "id": "8905",
    "type": "disease",
    "name": "predisposition to invasive fungal disease due to CARD9 deficiency",
    "source": ""
  },
  "2532": {
    "id": "2532",
    "type": "disease",
    "name": "squamous cell neoplasm",
    "source": ""
  },
  "1058": {
    "id": "1058",
    "type": "gene/protein",
    "name": "CENPA",
    "source": ""
  },
  "51177": {
    "id": "51177",
    "type": "gene/protein",
    "name": "PLEKHO1",
    "source": ""
  },
  "15748": {
    "id": "15748",
    "type": "disease",
    "name": "hereditary mucosal leukokeratosis",
    "source": ""
  },
  "4509": {
    "id": "4509",
    "type": "disease",
    "name": "intrahepatic biliary papillomatosis",
    "source": ""
  },
  "100419070": {
    "id": "100419070",
    "type": "gene/protein",
    "name": "NUP210P3",
    "source": ""
  },
  "3493": {
    "id": "3493",
    "type": "gene/protein",
    "name": "IGHA1",
    "source": ""
  },
  "6375": {
    "id": "6375",
    "type": "disease",
    "name": "placental hemangioma",
    "source": ""
  },
  "100342": {
    "id": "100342",
    "type": "disease",
    "name": "malignant glioma",
    "source": ""
  },
  "84522": {
    "id": "84522",
    "type": "gene/protein",
    "name": "JAGN1",
    "source": ""
  },
  "DB12530": {
    "id": "DB12530",
    "type": "drug",
    "name": "Inebilizumab",
    "source": ""
  },
  "10968": {
    "id": "10968",
    "type": "disease",
    "name": "glaucoma 3, primary infantile, B",
    "source": ""
  },
  "9501": {
    "id": "9501",
    "type": "gene/protein",
    "name": "RPH3AL",
    "source": ""
  },
  "54982": {
    "id": "54982",
    "type": "gene/protein",
    "name": "CLN6",
    "source": ""
  },
  "12456": {
    "id": "12456",
    "type": "disease",
    "name": "congenital primary aphakia",
    "source": ""
  },
  "403314": {
    "id": "403314",
    "type": "gene/protein",
    "name": "APOBEC4",
    "source": ""
  },
  "8143_7704_11923_12893_12894_12568": {
    "id": "8143_7704_11923_12893_12894_12568",
    "type": "disease",
    "name": "osteoarthritis susceptibility",
    "source": ""
  },
  "17372": {
    "id": "17372",
    "type": "disease",
    "name": "congenital varicella syndrome",
    "source": ""
  },
  "12582": {
    "id": "12582",
    "type": "disease",
    "name": "interstitial lung disease due to ABCA3 deficiency",
    "source": ""
  },
  "2742": {
    "id": "2742",
    "type": "gene/protein",
    "name": "GLRA2",
    "source": ""
  },
  "6875": {
    "id": "6875",
    "type": "disease",
    "name": "ocular hypertension",
    "source": ""
  },
  "7392": {
    "id": "7392",
    "type": "disease",
    "name": "coxoauricular syndrome",
    "source": ""
  },
  "8655": {
    "id": "8655",
    "type": "disease",
    "name": "vestibulocochlear dysfunction, progressive",
    "source": ""
  },
  "1509": {
    "id": "1509",
    "type": "gene/protein",
    "name": "CTSD",
    "source": ""
  },
  "19563": {
    "id": "19563",
    "type": "disease",
    "name": "CREST syndrome",
    "source": ""
  },
  "21677": {
    "id": "21677",
    "type": "disease",
    "name": "post-infectious neuralgia",
    "source": ""
  },
  "16024": {
    "id": "16024",
    "type": "disease",
    "name": "shoulder and thorax deformity-congenital heart disease syndrome",
    "source": ""
  },
  "20442": {
    "id": "20442",
    "type": "disease",
    "name": "left superior vena cava persisting to left-sided atrium",
    "source": ""
  },
  "1092": {
    "id": "1092",
    "type": "disease",
    "name": "colon leiomyoma",
    "source": ""
  },
  "9849": {
    "id": "9849",
    "type": "gene/protein",
    "name": "ZNF518A",
    "source": ""
  },
  "19239": {
    "id": "19239",
    "type": "disease",
    "name": "inborn disorder of serine family metabolism",
    "source": ""
  },
  "4109": {
    "id": "4109",
    "type": "gene/protein",
    "name": "MAGEA10",
    "source": ""
  },
  "3759": {
    "id": "3759",
    "type": "gene/protein",
    "name": "KCNJ2",
    "source": ""
  },
  "57418": {
    "id": "57418",
    "type": "gene/protein",
    "name": "WDR18",
    "source": ""
  },
  "3824": {
    "id": "3824",
    "type": "gene/protein",
    "name": "KLRD1",
    "source": ""
  },
  "5352": {
    "id": "5352",
    "type": "disease",
    "name": "conduct disorder",
    "source": ""
  },
  "5653": {
    "id": "5653",
    "type": "gene/protein",
    "name": "KLK6",
    "source": ""
  },
  "4556": {
    "id": "4556",
    "type": "gene/protein",
    "name": "MT-TE",
    "source": ""
  },
  "15562": {
    "id": "15562",
    "type": "disease",
    "name": "distal monosomy 17q",
    "source": ""
  },
  "15126": {
    "id": "15126",
    "type": "disease",
    "name": "polyendocrinopathy",
    "source": ""
  },
  "29948": {
    "id": "29948",
    "type": "gene/protein",
    "name": "OSGIN1",
    "source": ""
  },
  "4967": {
    "id": "4967",
    "type": "gene/protein",
    "name": "OGDH",
    "source": ""
  },
  "81794": {
    "id": "81794",
    "type": "gene/protein",
    "name": "ADAMTS10",
    "source": ""
  },
  "8908": {
    "id": "8908",
    "type": "gene/protein",
    "name": "GYG2",
    "source": ""
  },
  "56157": {
    "id": "56157",
    "type": "gene/protein",
    "name": "TEX13A",
    "source": ""
  },
  "15783": {
    "id": "15783",
    "type": "disease",
    "name": "congenital anomaly of hepatic vein",
    "source": ""
  },
  "7381": {
    "id": "7381",
    "type": "disease",
    "name": "globe disease",
    "source": ""
  },
  "15896": {
    "id": "15896",
    "type": "disease",
    "name": "left superior vena cava persisting to left-sided atrium",
    "source": ""
  },
  "11847": {
    "id": "11847",
    "type": "disease",
    "name": "CREST syndrome",
    "source": ""
  },
  "3434": {
    "id": "3434",
    "type": "disease",
    "name": "congenital primary aphakia",
    "source": ""
  },
  "11741": {
    "id": "11741",
    "type": "disease",
    "name": "dense deposit disease",
    "source": ""
  },
  "5266": {
    "id": "5266",
    "type": "disease",
    "name": "congenital varicella syndrome",
    "source": ""
  },
  "2115": {
    "id": "2115",
    "type": "disease",
    "name": "osteoarthritis susceptibility",
    "source": ""
  },
  "8143770411923128931289412568": {
    "id": "8143770411923128931289412568",
    "type": "disease",
    "name": "osteoarthritis susceptibility",
    "source": ""
  },
  "1089": {
    "id": "1089",
    "type": "disease",
    "name": "proximal spinal muscular atrophy",
    "source": ""
  },
  "141218453802618190": {
    "id": "141218453802618190",
    "type": "disease",
    "name": "proximal spinal muscular atrophy",
    "source": ""
  },
  "10951": {
    "id": "10951",
    "type": "disease",
    "name": "keloid",
    "source": ""
  },
  "14744": {
    "id": "14744",
    "type": "disease",
    "name": "cardiomyopathy, fatal fetal, due to myocardial calcification",
    "source": ""
  },
  "15109": {
    "id": "15109",
    "type": "disease",
    "name": "shoulder and thorax deformity-congenital heart disease syndrome",
    "source": ""
  },
  "11509": {
    "id": "11509",
    "type": "disease",
    "name": "placental hemangioma",
    "source": ""
  },
  "13880": {
    "id": "13880",
    "type": "disease",
    "name": "intrahepatic biliary papillomatosis",
    "source": ""
  },
  "3723": {
    "id": "3723",
    "type": "disease",
    "name": "coxoauricular syndrome",
    "source": ""
  },
  "7524": {
    "id": "7524",
    "type": "disease",
    "name": "bacterial sexually transmitted disease",
    "source": ""
  },
  "2278": {
    "id": "2278",
    "type": "disease",
    "name": "formiminoglutamic aciduria",
    "source": ""
  },
  "13541": {
    "id": "13541",
    "type": "disease",
    "name": "asynchronous multifocal osteogenic sarcoma",
    "source": ""
  },
  "3881": {
    "id": "3881",
    "type": "disease",
    "name": "Darier disease",
    "source": ""
  },
  "9620": {
    "id": "9620",
    "type": "disease",
    "name": "hereditary mucosal leukokeratosis",
    "source": ""
  },
  "6774": {
    "id": "6774",
    "type": "disease",
    "name": "inborn disorder of serine family metabolism",
    "source": ""
  },
  "5417": {
    "id": "5417",
    "type": "disease",
    "name": "distal monosomy 17q",
    "source": ""
  },
  "9685": {
    "id": "9685",
    "type": "disease",
    "name": "polyendocrinopathy",
    "source": ""
  },
  "11": {
    "id": "11",
    "type": "disease",
    "name": "predisposition to invasive fungal disease due to CARD9 deficiency",
    "source": ""
  },
  "20": {
    "id": "20",
    "type": "disease",
    "name": "ectodermal dysplasia with facial dysmorphism and acral, ocular, and brain anomalies",
    "source": ""
  },
  "10926": {
    "id": "10926",
    "type": "disease",
    "name": "post-infectious neuralgia",
    "source": ""
  },
  "16163": {
    "id": "16163",
    "type": "disease",
    "name": "crystal arthropathy",
    "source": ""
  },
  "15432": {
    "id": "15432",
    "type": "disease",
    "name": "atypical dentin dysplasia due to SMOC2 deficiency",
    "source": ""
  },
  "11098": {
    "id": "11098",
    "type": "disease",
    "name": "ocular hypertension",
    "source": ""
  },
  "3889": {
    "id": "3889",
    "type": "disease",
    "name": "aortic valve disease",
    "source": ""
  },
  "3278324523139023803": {
    "id": "3278324523139023803",
    "type": "disease",
    "name": "aortic valve disease",
    "source": ""
  },
  "6649": {
    "id": "6649",
    "type": "disease",
    "name": "leukocyte disease",
    "source": ""
  },
  "4958": {
    "id": "4958",
    "type": "disease",
    "name": "glaucoma 3, primary infantile, B",
    "source": ""
  },
  "11994": {
    "id": "11994",
    "type": "disease",
    "name": "metaphyseal chondromatosis with D-2-hydroxyglutaric aciduria",
    "source": ""
  },
  "4553": {
    "id": "4553",
    "type": "disease",
    "name": "acetylation, slow",
    "source": ""
  },
  "7842": {
    "id": "7842",
    "type": "disease",
    "name": "malignant glioma",
    "source": ""
  },
  "998": {
    "id": "998",
    "type": "disease",
    "name": "vestibulocochlear dysfunction, progressive",
    "source": ""
  },
  "7525": {
    "id": "7525",
    "type": "disease",
    "name": "squamous cell neoplasm",
    "source": ""
  },
  "15457": {
    "id": "15457",
    "type": "disease",
    "name": "autosomal dominant mendelian susceptibility to mycobacterial diseases due to partial IFNgammaR2 deficiency",
    "source": ""
  },
  "5719": {
    "id": "5719",
    "type": "disease",
    "name": "retinopathy of prematurity",
    "source": ""
  },
  "97": {
    "id": "97",
    "type": "disease",
    "name": "lissencephaly",
    "source": ""
  },
  "1499230031135271514815146": {
    "id": "1499230031135271514815146",
    "type": "disease",
    "name": "lissencephaly",
    "source": ""
  },
  "16110": {
    "id": "16110",
    "type": "disease",
    "name": "small cell variant anaplastic large cell lymphoma",
    "source": ""
  },
  "13524": {
    "id": "13524",
    "type": "disease",
    "name": "classic variant of chromophobe renal cell carcinoma",
    "source": ""
  },
  "15136": {
    "id": "15136",
    "type": "disease",
    "name": "carcinosarcoma of the corpus uteri",
    "source": ""
  },
  "10063": {
    "id": "10063",
    "type": "disease",
    "name": "inborn disorder of pentose phosphate metabolism",
    "source": ""
  },
  "14058": {
    "id": "14058",
    "type": "disease",
    "name": "susceptibility to HIV infection",
    "source": ""
  },
  "8163": {
    "id": "8163",
    "type": "disease",
    "name": "colon leiomyoma",
    "source": ""
  },
  "14104": {
    "id": "14104",
    "type": "disease",
    "name": "conduct disorder",
    "source": ""
  },
  "732": {
    "id": "732",
    "type": "disease",
    "name": "interstitial lung disease due to ABCA3 deficiency",
    "source": ""
  },
  "9430": {
    "id": "9430",
    "type": "disease",
    "name": "hemorrhagic disorder due to a platelet anomaly",
    "source": ""
  },
  "12035": {
    "id": "12035",
    "type": "disease",
    "name": "mitochondrial complex 1 deficiency, mitochondrial type 1",
    "source": ""
  },
  "5405": {
    "id": "5405",
    "type": "disease",
    "name": "heparin-induced thrombocytopenia (disease)",
    "source": ""
  },
  "18048": {
    "id": "18048",
    "type": "disease",
    "name": "heparin-induced thrombocytopenia (disease)",
    "source": ""
  },
  "316": {
    "id": "316",
    "type": "disease",
    "name": "fucosidosis",
    "source": ""
  },
  "9254": {
    "id": "9254",
    "type": "disease",
    "name": "fucosidosis",
    "source": ""
  },
  "16582": {
    "id": "16582",
    "type": "disease",
    "name": "glomangiomyoma",
    "source": ""
  },
  "2432324325": {
    "id": "2432324325",
    "type": "disease",
    "name": "glomangiomyoma",
    "source": ""
  },
  "3245": {
    "id": "3245",
    "type": "disease",
    "name": "dysplastic nevus syndrome",
    "source": ""
  },
  "7964": {
    "id": "7964",
    "type": "disease",
    "name": "dysplastic nevus syndrome",
    "source": ""
  },
  "2100": {
    "id": "2100",
    "type": "disease",
    "name": "cutis laxa with severe pulmonary, gastrointestinal and urinary anomalies",
    "source": ""
  },
  "13170": {
    "id": "13170",
    "type": "disease",
    "name": "cutis laxa with severe pulmonary, gastrointestinal and urinary anomalies",
    "source": ""
  },
  "4631": {
    "id": "4631",
    "type": "disease",
    "name": "polymicrogyria with or without vascular-type ehlers-danlos syndrome",
    "source": ""
  },
  "32688": {
    "id": "32688",
    "type": "disease",
    "name": "polymicrogyria with or without vascular-type ehlers-danlos syndrome",
    "source": ""
  },
  "996": {
    "id": "996",
    "type": "disease",
    "name": "osteosclerosis with ichthyosis and fractures",
    "source": ""
  },
  "8160": {
    "id": "8160",
    "type": "disease",
    "name": "osteosclerosis with ichthyosis and fractures",
    "source": ""
  },
  "15950": {
    "id": "15950",
    "type": "disease",
    "name": "Multiple system atrophy 1, susceptibility to",
    "source": ""
  },
  "20715": {
    "id": "20715",
    "type": "disease",
    "name": "Multiple system atrophy 1, susceptibility to",
    "source": ""
  },
  "1401": {
    "id": "1401",
    "type": "disease",
    "name": "ADULT syndrome",
    "source": ""
  },
  "7072": {
    "id": "7072",
    "type": "disease",
    "name": "ADULT syndrome",
    "source": ""
  },
  "12040": {
    "id": "12040",
    "type": "disease",
    "name": "sick sinus syndrome 3, susceptibility to",
    "source": ""
  },
  "13568": {
    "id": "13568",
    "type": "disease",
    "name": "sick sinus syndrome 3, susceptibility to",
    "source": ""
  },
  "442": {
    "id": "442",
    "type": "disease",
    "name": "Seckel syndrome",
    "source": ""
  },
  "1171513871143501392213443886914991147671335819342": {
    "id": "1171513871143501392213443886914991147671335819342",
    "type": "disease",
    "name": "Seckel syndrome",
    "source": ""
  },
  "15057": {
    "id": "15057",
    "type": "disease",
    "name": "dirofilariasis",
    "source": ""
  },
  "15636": {
    "id": "15636",
    "type": "disease",
    "name": "dirofilariasis",
    "source": ""
  },
  "11626": {
    "id": "11626",
    "type": "disease",
    "name": "retrocerebellar cyst (disease)",
    "source": ""
  },
  "17106": {
    "id": "17106",
    "type": "disease",
    "name": "retrocerebellar cyst (disease)",
    "source": ""
  },
  "269": {
    "id": "269",
    "type": "disease",
    "name": "myopathy, centronuclear",
    "source": ""
  },
  "14418970913736": {
    "id": "14418970913736",
    "type": "disease",
    "name": "myopathy, centronuclear",
    "source": ""
  },
  "4676": {
    "id": "4676",
    "type": "disease",
    "name": "ichthyotic keratoderma, spasticity, hypomyelination, and dysmorphic facial features",
    "source": ""
  },
  "32798": {
    "id": "32798",
    "type": "disease",
    "name": "ichthyotic keratoderma, spasticity, hypomyelination, and dysmorphic facial features",
    "source": ""
  },
  "3307": {
    "id": "3307",
    "type": "disease",
    "name": "growth delay due to insulin-like growth factor type 1 deficiency",
    "source": ""
  },
  "12110": {
    "id": "12110",
    "type": "disease",
    "name": "growth delay due to insulin-like growth factor type 1 deficiency",
    "source": ""
  },
  "7245": {
    "id": "7245",
    "type": "disease",
    "name": "Histoplasma capsulatum infectious disease",
    "source": ""
  },
  "2099": {
    "id": "2099",
    "type": "disease",
    "name": "Histoplasma capsulatum infectious disease",
    "source": ""
  },
  "9278": {
    "id": "9278",
    "type": "disease",
    "name": "syndromic ankyloblepharon",
    "source": ""
  },
  "20156": {
    "id": "20156",
    "type": "disease",
    "name": "syndromic ankyloblepharon",
    "source": ""
  },
  "10393": {
    "id": "10393",
    "type": "disease",
    "name": "non-syndromic central nervous system malformation",
    "source": ""
  },
  "15219": {
    "id": "15219",
    "type": "disease",
    "name": "non-syndromic central nervous system malformation",
    "source": ""
  },
  "14": {
    "id": "14",
    "type": "disease",
    "name": "action myoclonus-renal failure syndrome",
    "source": ""
  },
  "9699": {
    "id": "9699",
    "type": "disease",
    "name": "action myoclonus-renal failure syndrome",
    "source": ""
  },
  "308": {
    "id": "308",
    "type": "disease",
    "name": "chondrocalcinosis due to apatite crystal deposition",
    "source": ""
  },
  "7320": {
    "id": "7320",
    "type": "disease",
    "name": "chondrocalcinosis due to apatite crystal deposition",
    "source": ""
  },
  "6125": {
    "id": "6125",
    "type": "disease",
    "name": "hereditary acrokeratotic poikiloderma, Weary type",
    "source": ""
  },
  "17365": {
    "id": "17365",
    "type": "disease",
    "name": "hereditary acrokeratotic poikiloderma, Weary type",
    "source": ""
  },
  "6305": {
    "id": "6305",
    "type": "disease",
    "name": "X-linked intellectual disability-hypotonia-movement disorder syndrome",
    "source": ""
  },
  "18709": {
    "id": "18709",
    "type": "disease",
    "name": "X-linked intellectual disability-hypotonia-movement disorder syndrome",
    "source": ""
  },
  "4324": {
    "id": "4324",
    "type": "disease",
    "name": "Thakker-Donnai syndrome",
    "source": ""
  },
  "9202": {
    "id": "9202",
    "type": "disease",
    "name": "Thakker-Donnai syndrome",
    "source": ""
  },
  "8804": {
    "id": "8804",
    "type": "disease",
    "name": "Epstein-Barr virus-associated mesenchymal tumor",
    "source": ""
  },
  "17345": {
    "id": "17345",
    "type": "disease",
    "name": "Epstein-Barr virus-associated mesenchymal tumor",
    "source": ""
  },
  "6064": {
    "id": "6064",
    "type": "disease",
    "name": "arthrogryposis-like syndrome",
    "source": ""
  },
  "15241": {
    "id": "15241",
    "type": "disease",
    "name": "arthrogryposis-like syndrome",
    "source": ""
  },
  "2538": {
    "id": "2538",
    "type": "disease",
    "name": "chromosome 1p36 deletion syndrome",
    "source": ""
  },
  "11929": {
    "id": "11929",
    "type": "disease",
    "name": "chromosome 1p36 deletion syndrome",
    "source": ""
  },
  "9471": {
    "id": "9471",
    "type": "disease",
    "name": "lipoma of face",
    "source": ""
  },
  "21630": {
    "id": "21630",
    "type": "disease",
    "name": "lipoma of face",
    "source": ""
  },
  "13965": {
    "id": "13965",
    "type": "disease",
    "name": "hepatopulmonary syndrome",
    "source": ""
  },
  "4694": {
    "id": "4694",
    "type": "disease",
    "name": "hepatopulmonary syndrome",
    "source": ""
  },
  "13292": {
    "id": "13292",
    "type": "disease",
    "name": "water-clear cell adenoma",
    "source": ""
  },
  "3433": {
    "id": "3433",
    "type": "disease",
    "name": "water-clear cell adenoma",
    "source": ""
  },
  "6860": {
    "id": "6860",
    "type": "disease",
    "name": "sublingual gland carcinoma",
    "source": ""
  },
  "21070": {
    "id": "21070",
    "type": "disease",
    "name": "sublingual gland carcinoma",
    "source": ""
  },
  "13604": {
    "id": "13604",
    "type": "disease",
    "name": "multiple skull base meningioma",
    "source": ""
  },
  "4094": {
    "id": "4094",
    "type": "disease",
    "name": "multiple skull base meningioma",
    "source": ""
  },
  "8250": {
    "id": "8250",
    "type": "disease",
    "name": "testicular trophoblastic tumor",
    "source": ""
  },
  "2871": {
    "id": "2871",
    "type": "disease",
    "name": "testicular trophoblastic tumor",
    "source": ""
  },
  "1498": {
    "id": "1498",
    "type": "disease",
    "name": "cranial nerves, congenital paresis of",
    "source": ""
  },
  "9029": {
    "id": "9029",
    "type": "disease",
    "name": "cranial nerves, congenital paresis of",
    "source": ""
  },
  "15860": {
    "id": "15860",
    "type": "disease",
    "name": "pulmonary valve agenesis-ventricular septal defect-persistent ductus arteriosus syndrome",
    "source": ""
  },
  "20389": {
    "id": "20389",
    "type": "disease",
    "name": "pulmonary valve agenesis-ventricular septal defect-persistent ductus arteriosus syndrome",
    "source": ""
  },
  "9525": {
    "id": "9525",
    "type": "disease",
    "name": "supernumerary breasts",
    "source": ""
  },
  "15854": {
    "id": "15854",
    "type": "disease",
    "name": "supernumerary breasts",
    "source": ""
  },
  "1202": {
    "id": "1202",
    "type": "disease",
    "name": "cutaneous porphyria",
    "source": ""
  },
  "9902": {
    "id": "9902",
    "type": "disease",
    "name": "cutaneous porphyria",
    "source": ""
  },
  "3988": {
    "id": "3988",
    "type": "disease",
    "name": "Stromme syndrome",
    "source": ""
  },
  "9477": {
    "id": "9477",
    "type": "disease",
    "name": "Stromme syndrome",
    "source": ""
  },
  "6827": {
    "id": "6827",
    "type": "disease",
    "name": "chondroma",
    "source": ""
  },
  "2360": {
    "id": "2360",
    "type": "disease",
    "name": "chondroma",
    "source": ""
  },
  "14827": {
    "id": "14827",
    "type": "disease",
    "name": "growth and developintellectual disability, ocular ptosis, cardiac defect, and anal atresia",
    "source": ""
  },
  "11478": {
    "id": "11478",
    "type": "disease",
    "name": "growth and developintellectual disability, ocular ptosis, cardiac defect, and anal atresia",
    "source": ""
  },
  "11005": {
    "id": "11005",
    "type": "disease",
    "name": "growth hormone insensitivity syndrome with immune dysregulation",
    "source": ""
  },
  "100210": {
    "id": "100210",
    "type": "disease",
    "name": "growth hormone insensitivity syndrome with immune dysregulation",
    "source": ""
  },
  "2751": {
    "id": "2751",
    "type": "disease",
    "name": "hypersensitivity pneumonitis, familial",
    "source": ""
  },
  "7776": {
    "id": "7776",
    "type": "disease",
    "name": "hypersensitivity pneumonitis, familial",
    "source": ""
  },
  "3758": {
    "id": "3758",
    "type": "disease",
    "name": "polyposis of gastric fundus without polyposis coli",
    "source": ""
  },
  "8284": {
    "id": "8284",
    "type": "disease",
    "name": "polyposis of gastric fundus without polyposis coli",
    "source": ""
  },
  "8675": {
    "id": "8675",
    "type": "disease",
    "name": "hair follicle neoplasm",
    "source": ""
  },
  "3413": {
    "id": "3413",
    "type": "disease",
    "name": "hair follicle neoplasm",
    "source": ""
  },
  "16638": {
    "id": "16638",
    "type": "disease",
    "name": "lameness, non-human animal",
    "source": ""
  },
  "24953": {
    "id": "24953",
    "type": "disease",
    "name": "lameness, non-human animal",
    "source": ""
  },
  "8839": {
    "id": "8839",
    "type": "disease",
    "name": "Reoviridae infectious disease",
    "source": ""
  },
  "5939": {
    "id": "5939",
    "type": "disease",
    "name": "Reoviridae infectious disease",
    "source": ""
  },
  "322": {
    "id": "322",
    "type": "disease",
    "name": "mulibrey nanism",
    "source": ""
  },
  "9664": {
    "id": "9664",
    "type": "disease",
    "name": "mulibrey nanism",
    "source": ""
  },
  "4021": {
    "id": "4021",
    "type": "disease",
    "name": "ventricular extrasystoles with syncopal episodes-perodactyly-robin sequence syndrome",
    "source": ""
  },
  "8645": {
    "id": "8645",
    "type": "disease",
    "name": "ventricular extrasystoles with syncopal episodes-perodactyly-robin sequence syndrome",
    "source": ""
  },
  "3357": {
    "id": "3357",
    "type": "disease",
    "name": "familial abdominal aortic aneurysm",
    "source": ""
  },
  "245217031123431275113716": {
    "id": "245217031123431275113716",
    "type": "disease",
    "name": "familial abdominal aortic aneurysm",
    "source": ""
  },
  "6768": {
    "id": "6768",
    "type": "disease",
    "name": "inflammatory disease",
    "source": ""
  },
  "21166": {
    "id": "21166",
    "type": "disease",
    "name": "inflammatory disease",
    "source": ""
  }
}