{
  "12p12.1 microdeletion syndrome": "0",
  "15q14 microdeletion syndrome": "1",
  "16q24.3 microdeletion syndrome": "2",
  "19p13.3 microduplication syndrome": "3",
  "2q23.1 microduplication syndrome": "4",
  "46 XX gonadal dysgenesis": "5",
  "46,XX disorder of sex development-skeletal anomalies syndrome": "6",
  "46,XY disorder of sex development due to 17-beta-hydroxysteroid dehydrogenase 3 deficiency": "7",
  "46,XY disorder of sex development due to adrenal and testicular steroidogenesis defect": "8",
  "48,XXXY syndrome": "9",
  "48,XXYY syndrome": "10",
  "6p22 microdeletion syndrome": "11",
  "ABeta amyloidosis": "12",
  "ABeta2M amyloidosis": "13",
  "AIDS": "14",
  "ALG12-CDG": "15",
  "Acinetobacter infectious disease": "16",
  "Addison disease": "17",
  "African tick-bite fever": "18",
  "Ascaris lumbricoides infection, susceptibility to": "19",
  "BNAR syndrome": "20",
  "Balint syndrome": "21",
  "Bangstad syndrome": "22",
  "Banti syndrome": "23",
  "Baraitser-Winter cerebrofrontofacial syndrome": "24",
  "Barrett adenocarcinoma": "25",
  "Bartholin gland adenosquamous carcinoma": "26",
  "Bartholin gland small cell carcinoma": "27",
  "Beckwith-Wiedemann syndrome due to 11p15 microdeletion": "28",
  "Behcet syndrome arthropathy": "29",
  "Bicervical bicornuate uterus with patent cervix and vagina": "30",
  "Bohring-Opitz syndrome": "31",
  "Braddock syndrome": "32",
  "Brody myopathy": "33",
  "Brooke-Spiegler syndrome": "34",
  "Brown-Sequard syndrome": "35",
  "CANOMAD syndrome": "36",
  "CD4 deficiency": "37",
  "CDG syndrome type 4": "38",
  "CREST syndrome": "39",
  "Cantu sanchez-corona hernandez syndrome": "40",
  "Charcot-Marie-Tooth disease with ptosis and parkinsonism": "41",
  "Chudley-Lowry-Hoar syndrome": "42",
  "Clostridium infectious disease": "43",
  "Coffin-Lowry syndrome": "44",
  "Cogan-Reese syndrome": "45",
  "Cohen syndrome": "46",
  "Crimean-Congo hemorrhagic fever": "47",
  "Crohn disease of the esophagus": "48",
  "DKC1-related disorder": "49",
  "Dandy-Walker malformation-postaxial polydactyly syndrome": "50",
  "Darier disease": "51",
  "Dieterich disease": "52",
  "Duane anomaly-myopathy-scoliosis syndrome": "53",
  "Ehlers-Danlos syndrome due to tenascin-X deficiency": "54",
  "Epstein-Barr virus-positive diffuse large B-cell lymphoma of the elderly": "55",
  "Ewing sarcoma of bone": "56",
  "Ewing sarcoma/peripheral primitive neuroectodermal tumor of bone": "57",
  "Faye-Petersen-Ward-Carey syndrome": "58",
  "Flynn-Aird syndrome": "59",
  "Fox-Fordyce disease": "60",
  "Fraser syndrome": "61",
  "Friedreich ataxia, so-called, with optic atrophy and sensorineural deafness": "62",
  "Fusobacterium infectious disease": "63",
  "GATA1-Related X-Linked Cytopenia": "64",
  "GRID2-related autosomal dominant spinocerebellar ataxia": "65",
  "Gabriele de Vries syndrome": "66",
  "Gaucher disease": "67",
  "German syndrome": "68",
  "Grn-related frontotemporal lobar degeneration with Tdp43 inclusions": "69",
  "HTLV-2 infection": "70",
  "Haim-Munk syndrome": "71",
  "Hallermann-Streiff syndrome": "72",
  "Hantavirus hemorrhagic fever with renal syndrome, Seoul virus type": "73",
  "Harel-Yoon syndrome": "74",
  "Heberden's node": "75",
  "Hermansky-Pudlak syndrome": "76",
  "Hermansky-Pudlak syndrome with pulmonary fibrosis": "77",
  "Hern\u00e1ndez-Aguirre Negrete syndrome": "78",
  "Herpesviridae infectious disease": "79",
  "Heyn-Sproul-Jackson syndrome": "80",
  "Hinman syndrome": "81",
  "Hirschsprung disease, cardiac defects, and autonomic dysfunction": "82",
  "Hodgkin's lymphoma, lymphocytic-histiocytic predominance": "83",
  "Hodgkins lymphoma": "84",
  "IDDM 1": "85",
  "IgA glomerulonephritis": "86",
  "Jacobsen syndrome": "87",
  "Jalili syndrome": "88",
  "Jeavons syndrome": "89",
  "Juberg-Marsidi syndrome": "90",
  "Katsantoni-Papadakou-Lagoyanni syndrome": "91",
  "Kikuchi-Fujimoto disease": "92",
  "Kostmann syndrome": "93",
  "Krabbe disease": "94",
  "L-ferritin deficiency": "95",
  "Langerhans cell sarcoma": "96",
  "Legius syndrome": "97",
  "Leriche syndrome": "98",
  "Listeria meningitis": "99",
  "Marden-Walker syndrome": "100",
  "Mayer-Rokitansky-K\u00fcster-Hauser syndrome type 2": "101",
  "McDonough syndrome": "102",
  "Middle East respiratory syndrome": "103",
  "Mietens syndrome": "104",
  "Mowat-Wilson syndrome due to a ZEB2 point mutation": "105",
  "Moyamoya disease": "106",
  "Moyomoya angiopathy": "107",
  "NAFLD1": "108",
  "Newcastle disease": "109",
  "Nezelof syndrome": "110",
  "Nguyen syndrome": "111",
  "Niemann-Pick disease": "112",
  "Noonan syndrome": "113",
  "Noonan syndrome and Noonan-related syndrome": "114",
  "Norman-Roberts syndrome": "115",
  "Okamoto syndrome": "116",
  "Okur-Chung neurodevelopmental syndrome": "117",
  "PHAVER syndrome": "118",
  "PSAT deficiency": "119",
  "PYCR1-related de Barsy syndrome": "120",
  "Paget disease of the penis": "121",
  "Pasteurella hemorrhagic septicemia": "122",
  "Pectobacterium carotovorum infection": "123",
  "Peters plus syndrome": "124",
  "Pfeiffer Tietze Welte syndrome": "125",
  "Pierre Robin syndrome associated with a chromosomal anomaly": "126",
  "Pilarowski-Bjornsson syndrome": "127",
  "Plasmodium falciparum blood infection level": "128",
  "Plasmodium malariae malaria": "129",
  "Potocki-Shaffer syndrome": "130",
  "Preeyasombat-Varavithya syndrome": "131",
  "Pseudomonas aeruginosa CF5 infection": "132",
  "Pyle disease": "133",
  "Rajab interstitial lung disease with brain calcifications": "134",
  "Richter syndrome": "135",
  "Rickettsia helvetica spotted fever": "136",
  "Rotor syndrome": "137",
  "Rubinstein-Taybi syndrome due to EP300 haploinsufficiency": "138",
  "ST-elevation myocardial infarction": "139",
  "Sabinas brittle hair syndrome": "140",
  "Sammartino-Decreccio syndrome": "141",
  "Satoyoshi syndrome": "142",
  "Scheie syndrome": "143",
  "Sezary syndrome": "144",
  "Sheldon-hall syndrome": "145",
  "Simpson-Golabi-Behmel syndrome": "146",
  "Singleton-Merten syndrome": "147",
  "Slti-Salem syndrome": "148",
  "Spigelian hernia-cryptorchidism syndrome": "149",
  "Stevens-Johnson syndrome/toxic epidermal necrolysis overlap syndrome": "150",
  "Sugarman brachydactyly": "151",
  "T-B+ severe combined immunodeficiency due to gamma chain deficiency": "152",
  "T-cell and NK-cell neoplasm": "153",
  "T-cell childhood acute lymphocytic leukemia": "154",
  "T-cell immunodeficiency with epidermodysplasia verruciformis": "155",
  "T-cell/histiocyte rich large B cell lymphoma": "156",
  "TCR-alpha-beta-positive T-cell deficiency": "157",
  "TMEM199-CDG": "158",
  "TORCH syndrome": "159",
  "TPM3-related myopathy": "160",
  "TWIST1-related craniosynostosis": "161",
  "Timothy syndrome type 1 (disorder)": "162",
  "Trichomonas tenax infectious disease": "163",
  "Tuftsin deficiency": "164",
  "Waardenburg syndrome": "165",
  "Wiedemann-Steiner syndrome": "166",
  "Winchester syndrome": "167",
  "X-linked calvarial hyperostosis": "168",
  "X-linked congenital generalized hypertrichosis": "169",
  "X-linked hereditary sensory and autonomic neuropathy with deafness": "170",
  "X-linked intellectual disability, Cilliers type": "171",
  "X-linked intellectual disability-epilepsy syndrome": "172",
  "X-linked intellectual disability-psychosis-macroorchidism syndrome": "173",
  "X-linked intellectual disability-spastic quadriparesis syndrome": "174",
  "X-linked lymphoproliferative disease due to SH2D1A deficiency": "175",
  "X-linked myopathy with postural muscle atrophy": "176",
  "X-linked nonsyndromic deafness": "177",
  "XFE progeroid syndrome": "178",
  "Zimmermann-Laband syndrome": "179",
  "abducens nerve neoplasm": "180",
  "absent tibia-polydactyly-arachnoid cyst syndrome": "181",
  "acalculous cholecystitis": "182",
  "acetylation, slow": "183",
  "acinic cell breast carcinoma": "184",
  "acitretin/etretinate embryopathy": "185",
  "acquired carotenemia": "186",
  "acquired cystic disease-associated renal cell carcinoma": "187",
  "acquired pseudoxanthoma elasticum": "188",
  "acrocapitofemoral dysplasia": "189",
  "acrorenal syndrome, autosomal recessive": "190",
  "acute bronchiolitis": "191",
  "acute encephalopathy with biphasic seizures and late reduced diffusion": "192",
  "acute gonococcal cystitis": "193",
  "acute gonococcal prostatitis": "194",
  "acute infantile liver failure due to synthesis defect of mtDNA-encoded proteins": "195",
  "acute insulin response": "196",
  "acute megakaryoblastic leukemia without down syndrome": "197",
  "acute myeloid leukemia with mutated NPM1": "198",
  "acute tympanitis": "199",
  "adactyly of hand": "200",
  "adenoid hypertrophy": "201",
  "adenylosuccinate lyase deficiency": "202",
  "adolescent-onset epilepsy syndrome": "203",
  "adult cerebellar neoplasm": "204",
  "adult fibrosarcoma": "205",
  "adult yolk sac tumor": "206",
  "adult-onset Still disease": "207",
  "agenesis of corpus callosum, cardiac, ocular, and genital syndrome": "208",
  "agnosia": "209",
  "albinism-deafness syndrome": "210",
  "alcoholic ketoacidosis": "211",
  "alexia without agraphia": "212",
  "alkaline ceramidase 3 deficiency": "213",
  "alopecia macular degeneration growth retardation syndrome": "214",
  "alopecia-epilepsy-pyorrhea-intellectual disability syndrome": "215",
  "alopecia-intellectual disability-hypergonadotropic hypogonadism syndrome": "216",
  "alpha thalassemia": "217",
  "alternating exotropia": "218",
  "amblyopia (disease)": "219",
  "amelia of lower limb": "220",
  "ameloblastoma": "221",
  "amelogenesis imperfecta-gingival hyperplasia syndrome": "222",
  "ampulla of vater cancer": "223",
  "ampulla of vater clear cell adenocarcinoma": "224",
  "amyotrophic neuralgia": "225",
  "anaerobic pneumonia": "226",
  "anal Paget disease": "227",
  "anal carcinoma": "228",
  "anal margin basal cell carcinoma": "229",
  "anaphylaxis": "230",
  "anaplastic astrocytoma": "231",
  "anaplastic oligodendroglioma": "232",
  "anatomical narrow angle borderline glaucoma": "233",
  "anemia, nonspherocytic hemolytic, associated with abnormality of red cell membrane": "234",
  "angiodysplasia of intestine": "235",
  "angiokeratoma circumscriptum": "236",
  "angioma serpiginosum, X-linked": "237",
  "angioma serpiginosum, autosomal dominant": "238",
  "angiomatosis, diffuse Corticomeningeal, of Divry and van Bogaert": "239",
  "angioosteohypertrophic syndrome": "240",
  "anonychia-onychodystrophy with brachydactyly type b and ectrodactyly": "241",
  "anterograde amnesia": "242",
  "antibody mediated epilepsy": "243",
  "anus adenocarcinoma": "244",
  "anus cancer": "245",
  "aortic valve calcification (disease)": "246",
  "aortic valve disease": "247",
  "apocrine adenosis of breast": "248",
  "appendix villous adenoma": "249",
  "arachnodactyly-abnormal ossification-intellectual disability syndrome": "250",
  "aregenerative anemia": "251",
  "arrhinia": "252",
  "arteries, anomalies of": "253",
  "arteritis": "254",
  "arthrogryposis spinal muscular atrophy": "255",
  "articulation disorder": "256",
  "ascending colon neuroendocrine tumor G1": "257",
  "asthma, short stature, and elevated IgA": "258",
  "astrocytic tumor": "259",
  "asynchronous multifocal osteogenic sarcoma": "260",
  "ataxia with oculomotor apraxia": "261",
  "ataxia-photosensitivity-short stature syndrome": "262",
  "atherosclerosis": "263",
  "atopic conjunctivitis": "264",
  "atresia of small intestine": "265",
  "atrial septal defect": "266",
  "atrioventricular septal defect": "267",
  "atrophy of testis": "268",
  "atypical dentin dysplasia due to SMOC2 deficiency": "269",
  "atypical hypotonia-cystinuria syndrome": "270",
  "atypical juvenile parkinsonism": "271",
  "audiogenic seizures": "272",
  "auditory system cancer": "273",
  "auriculocondylar syndrome": "274",
  "autism, susceptibility to, X-linked": "275",
  "autoinflammation, immune dysregulation, and eosinophilia": "276",
  "autosomal dominant aplasia and myelodysplasia": "277",
  "autosomal dominant limb-girdle muscular dystrophy type 1D (DNAJB6)": "278",
  "autosomal dominant medullary cystic kidney disease with or without hyperuricemia": "279",
  "autosomal dominant mendelian susceptibility to mycobacterial diseases due to partial IFNgammaR2 deficiency": "280",
  "autosomal dominant nocturnal frontal lobe epilepsy": "281",
  "autosomal dominant woolly hair": "282",
  "autosomal genetic disease": "283",
  "autosomal recessive infantile hypercalcemia": "284",
  "autosomal recessive mendelian susceptibility to mycobacterial diseases due to partial IFNgammaR2 deficiency": "285",
  "autosomal recessive multiple pterygium syndrome": "286",
  "autosomal recessive severe congenital neutropenia due to G6PC3 deficiency": "287",
  "autosomal recessive spastic ataxia": "288",
  "autosomal trisomy": "289",
  "bacterial sexually transmitted disease": "290",
  "bacteriuria (disease)": "291",
  "benign PEComa": "292",
  "benign breast phyllodes tumor": "293",
  "benign eccrine neoplasm": "294",
  "benign glioma": "295",
  "benign neoplasm of esophagus": "296",
  "benign neoplasm of heart": "297",
  "benign neoplasm of parathyroid gland": "298",
  "benign neoplasm of peripheral nervous system": "299",
  "benign neoplasm of stomach": "300",
  "benign paroxysmal positional nystagmus": "301",
  "benign peritoneal mesothelioma": "302",
  "benign testicular sertoli cell tumor": "303",
  "benign urinary system neoplasm": "304",
  "bile acid CoA ligase deficiency and defective amidation": "305",
  "bile acid malabsorption, primary": "306",
  "bile acid synthesis defect with cholestasis and malabsorption": "307",
  "biliary dyskinesia": "308",
  "bird headed-dwarfism, Montreal type": "309",
  "bladder lymphoma": "310",
  "bladder mixed adenocarcinoma": "311",
  "bladder neck obstruction": "312",
  "bladder papillary urothelial neoplasm": "313",
  "bone benign neoplasm": "314",
  "bone dysplasia, lethal Holmgren type": "315",
  "bone pain, periodic": "316",
  "borna disease": "317",
  "bowel dysfunction": "318",
  "brachial plexus neuritis": "319",
  "brachial plexus neuropathy": "320",
  "brachydactyly of toes, unilateral": "321",
  "brachydactyly, coloboma, and anterior segment dysgenesis": "322",
  "brachydactyly, type E, with atrial septal defect, type 2": "323",
  "brachyphalangy, polydactyly, and tibial aplasia/hypoplasia": "324",
  "brain abnormalities, neurodegeneration, and dysosteosclerosis": "325",
  "branchiogenic deafness syndrome": "326",
  "breast fibroepithelial neoplasm": "327",
  "breast giant fibroadenoma": "328",
  "breast hemangiopericytoma": "329",
  "bronchogenic carcinoma": "330",
  "bronchus mucoepidermoid carcinoma": "331",
  "bruxism (disease)": "332",
  "buccal mucosa neoplasm": "333",
  "burning mouth syndrome type 3": "334",
  "cadmium poisoning": "335",
  "calcific aortic disease with immunologic abnormalities, familial": "336",
  "calcifying epithelial odontogenic tumor": "337",
  "calloso-genital dysplasia": "338",
  "camptobrachydactyly": "339",
  "camptomelic syndrome, long-limb type": "340",
  "cancer, familial, with in vitro Radioresistance": "341",
  "candidiasis": "342",
  "cap myopathy": "343",
  "capillary hemangioma": "344",
  "carbon monoxide-induced parkinsonism": "345",
  "carcinoid crisis": "346",
  "carcinoma of stomach, salivary gland type": "347",
  "carcinoma of supraglottis": "348",
  "carcinosarcoma of the corpus uteri": "349",
  "cardiac ventricle disease": "350",
  "cardiomelic syndrome stratton Koehler type": "351",
  "cardiomyopathy and deafness due to tRNA lysine gene mutation": "352",
  "cardiomyopathy, fatal fetal, due to myocardial calcification": "353",
  "carnitine palmitoyltransferase II deficiency": "354",
  "carpal tunnel syndrome": "355",
  "cartilage cancer": "356",
  "cartilage development disorder": "357",
  "cataract, congenital, with mental impairment and dentate gyrus atrophy": "358",
  "cataract-glaucoma syndrome": "359",
  "cataract-intellectual disability-hypogonadism syndrome": "360",
  "cauda equina cancer": "361",
  "caudal duplication": "362",
  "central nervous system calcification-deafness-tubular acidosis-anemia syndrome": "363",
  "central nervous system chondroma": "364",
  "central nervous system neoplasm": "365",
  "central nervous system non-hodgkin lymphoma": "366",
  "central nervous system teratoma": "367",
  "cerebellar ataxia, benign, with thermoanalgesia": "368",
  "cerebellopontine angle embryonal tumor": "369",
  "cerebellopontine angle meningioma": "370",
  "cerebral malformation due to abnormal neuronal migration": "371",
  "cerebral sclerosis similar to Pelizaeus-Merzbacher disease": "372",
  "ceruminoma": "373",
  "cervical Wilms tumor": "374",
  "cervical adenocarcinoma": "375",
  "cervical aortic arch": "376",
  "cervical benign neoplasm": "377",
  "cervical clear cell adenocarcinoma": "378",
  "cervical spinal canal and spinal cord meningioma": "379",
  "cervicofacial fibrochondroma": "380",
  "channelopathy": "381",
  "chemical colitis": "382",
  "chest wall parachordoma": "383",
  "childhood acute myeloid leukemia": "384",
  "childhood carcinoid tumor": "385",
  "childhood central nervous system germinoma": "386",
  "childhood choroid plexus carcinoma": "387",
  "childhood encephalopathy due to thiamine pyrophosphokinase deficiency": "388",
  "childhood malignant hemangiopericytoma": "389",
  "childhood malignant kidney neoplasm": "390",
  "childhood malignant neoplasm": "391",
  "childhood ovarian yolk sac tumor": "392",
  "childhood-onset progressive contractures-limb-girdle weakness-muscle dystrophy syndrome": "393",
  "cholinergic urticaria": "394",
  "chondrodysplasia": "395",
  "chondrodysplasia punctata": "396",
  "chondrodysplasia punctata, tibial-metacarpal type": "397",
  "chordoid meningioma": "398",
  "choroid plexus neoplasm": "399",
  "choroideremia": "400",
  "chromosome 1, uniparental disomy 1q12 q21": "401",
  "chromosome 17p deletion": "402",
  "chromosome 17p13.3 duplication syndrome": "403",
  "chromosome 1q21.1 duplication syndrome": "404",
  "chromosome 22q13 duplication syndrome": "405",
  "chromosome 2p12-p11.2 deletion syndrome": "406",
  "chromosome 5q12 deletion syndrome": "407",
  "chromosome 6pter-p24 deletion syndrome": "408",
  "chronic actinic dermatitis": "409",
  "chronic ethmoidal sinusitis": "410",
  "chronic leukemia": "411",
  "chronic neutrophilic leukemia": "412",
  "cirrhosis, familial, with antigenemia": "413",
  "classic Hodgkin lymphoma, nodular sclerosis type": "414",
  "classic variant of chromophobe renal cell carcinoma": "415",
  "clitoris cancer": "416",
  "clivus chordoma": "417",
  "collagenopathy": "418",
  "collagenous gastritis": "419",
  "coloboma of macula": "420",
  "colon leiomyoma": "421",
  "color agnosia": "422",
  "colorectal cancer": "423",
  "combined ApoA-I and ApoC-III deficiency": "424",
  "combined immunodeficiency due to CRAC channel dysfunction": "425",
  "combined immunodeficiency due to ORAI1 deficiency": "426",
  "combined immunodeficiency with faciooculoskeletal anomalies": "427",
  "combined oxidative phosphorylation deficiency": "428",
  "comedones, familial Dyskeratotic": "429",
  "complex hereditary spastic paraplegia": "430",
  "complex neurodevelopmental disorder": "431",
  "conduct disorder": "432",
  "congenital absence of the sternocleidomastoid muscle": "433",
  "congenital anomaly of cardiovascular system": "434",
  "congenital anomaly of hepatic vein": "435",
  "congenital bilateral absence of vas deferens": "436",
  "congenital disorder of glycosylation": "437",
  "congenital disorder of glycosylation with defective fucosylation": "438",
  "congenital disorder of glycosylation with intestinal involvement": "439",
  "congenital elbow dislocation, bilateral": "440",
  "congenital heart defect-round face-developmental delay syndrome": "441",
  "congenital heart defects and skeletal malformations syndrome": "442",
  "congenital lactic acidosis, Saguenay-Lac-Saint-Jean type": "443",
  "congenital laryngeal cyst": "444",
  "congenital merosin-deficient muscular dystrophy 1A": "445",
  "congenital mitral valve agenesis": "446",
  "congenital myopathy with excess of thin filaments": "447",
  "congenital primary aphakia": "448",
  "congenital retinal arteriovenous communication": "449",
  "congenital sideroblastic anemia-B-cell immunodeficiency-periodic fever-developmental delay syndrome": "450",
  "congenital smooth muscle hamartoma": "451",
  "congenital stationary night blindness autosomal dominant": "452",
  "congenital sucrase-isomaltase deficiency": "453",
  "congenital vagal hyperreflexivity": "454",
  "congenital varicella syndrome": "455",
  "conjunctival pigmentation": "456",
  "conjunctivitis (disease)": "457",
  "conjunctivochalasis": "458",
  "connective tissue disorder due to lysyl hydroxylase-3 deficiency": "459",
  "cormier rustin munnich syndrome": "460",
  "corneal ulcer": "461",
  "coronary stenosis": "462",
  "corticobasal degeneration": "463",
  "coxoauricular syndrome": "464",
  "coxsackievirus infectious disease": "465",
  "craniodigital syndrome-intellectual disability syndrome": "466",
  "craniometaphyseal dysplasia, autosomal dominant": "467",
  "craniorachischisis (disease)": "468",
  "craniostenosis cataract": "469",
  "craniosynostosis Fontaine type": "470",
  "craniosynostosis syndrome, autosomal recessive": "471",
  "craniosynostosis, Herrmann-Opitz type": "472",
  "cribriform variant testicular seminoma": "473",
  "critical illness polyneuropathy": "474",
  "cryohydrocytosis": "475",
  "cryptococcosis": "476",
  "cryptorchidism-arachnodactyly-intellectual disability syndrome": "477",
  "crystal arthropathy": "478",
  "cutaneous liposarcoma": "479",
  "cutaneous mycosis": "480",
  "cutis gyratum acanthosis nigricans craniosynostosis": "481",
  "cutis laxa, autosomal recessive,": "482",
  "cutis verticis gyrata mental deficiency": "483",
  "cyclosporosis": "484",
  "cylindrical spirals myopathy": "485",
  "cysts and fistulae of the face and oral cavity": "486",
  "dacryocystitis": "487",
  "dartoic leiomyoma": "488",
  "de Quervain disease": "489",
  "deaf blind hypopigmentation syndrome, Yemenite type": "490",
  "deafness conductive stapedial ear malformation facial palsy": "491",
  "deafness goiter stippled epiphyses": "492",
  "deafness, X-linked": "493",
  "deafness, Y-linked": "494",
  "deafness, neural, with atypical atopic dermatitis": "495",
  "deafness, unilateral, with delayed endolymphatic hydrops": "496",
  "deafness-enamel hypoplasia-nail defects syndrome": "497",
  "degeneration of macula and posterior pole": "498",
  "dementia (disease)": "499",
  "dense deposit disease": "500",
  "dental fluorosis": "501",
  "desmin-related myopathy with Mallory body-like inclusions": "502",
  "diabetes insipidus": "503",
  "diabetic autonomic neuropathy": "504",
  "diaphragmatic hernia, congenital 1": "505",
  "diethylstilbestrol syndrome": "506",
  "diffuse cavernous hemangioma of the rectum": "507",
  "diffuse idiopathic pulmonary neuroendocrine cell hyperplasia": "508",
  "digestive system infectious disease": "509",
  "digestive system neoplasm": "510",
  "diprosopus": "511",
  "discoid lupus erythematosus": "512",
  "disease of central nervous system or retinal vasculature": "513",
  "disease of retroperitoneum": "514",
  "disease of supramolecular complex": "515",
  "disorder of mineral absorption and transport": "516",
  "dissecting cellulitis of the scalp": "517",
  "disseminated chorioretinitis": "518",
  "disseminated intravascular coagulation": "519",
  "dissociative disorder": "520",
  "distal monosomy 17q": "521",
  "distal myopathy": "522",
  "distal trisomy 6q": "523",
  "dominant pericentral pigmentary retinopathy": "524",
  "double nail for fifth toe": "525",
  "double outlet right ventricle with subaortic or doubly committed ventricular septal defect with pulmonary stenosis": "526",
  "double outlet right ventricle with subpulmonary ventricular septal defect": "527",
  "dracunculiasis": "528",
  "drug induced central sleep apnea": "529",
  "duodenitis": "530",
  "duplication of leg mirror foot": "531",
  "dwarfism with stiff joints and ocular abnormalities": "532",
  "dwarfism, low-birth-weight type, with unresponsiveness to growth hormone": "533",
  "dyscalculia (disease)": "534",
  "dyspepsia": "535",
  "dyssegmental dysplasia-glaucoma syndrome": "536",
  "early-onset progressive neurodegeneration-blindness-ataxia-spasticity syndrome": "537",
  "ectodermal dysplasia with facial dysmorphism and acral, ocular, and brain anomalies": "538",
  "ectopia lentis et pupillae": "539",
  "ectopic Cushing syndrome": "540",
  "edema disease of swine": "541",
  "ego-dystonic sexual orientation": "542",
  "embryonic cyst of fallopian tube": "543",
  "emphysematous cholecystitis": "544",
  "encephaloclastic disorder": "545",
  "encephalopathy due to sulfite oxidase deficiency": "546",
  "endemic typhus": "547",
  "endocardial fibroelastosis and coarctation of abdominal aorta": "548",
  "endocrine pancreas disease": "549",
  "endocrine system disease": "550",
  "endocrine-cerebro-osteodysplasia syndrome": "551",
  "endometrioid stromal sarcoma of the cervix": "552",
  "endometrioid tumor": "553",
  "endometriosis of pelvic peritoneum": "554",
  "endometriosis of rectovaginal septum and vagina": "555",
  "endometriosis of uterus": "556",
  "endomyometritis": "557",
  "enterotoxemia": "558",
  "eosinophilic meningitis": "559",
  "epidermodysplasia verruciformis, susceptibility to": "560",
  "epididymal adenomatoid tumor": "561",
  "epididymis cancer": "562",
  "epignathus (disease)": "563",
  "epilepsy of infancy with migrating focal seizures": "564",
  "epileptic encephalopathy, infantile or early childhood": "565",
  "epimetaphyseal dysplasia cataract": "566",
  "epiphora due to excess lacrimation": "567",
  "epiphora due to insufficient drainage": "568",
  "episodic pain syndrome, familial, 2": "569",
  "epithelial recurrent erosion dystrophy": "570",
  "epithelial tumor of the appendix": "571",
  "epithelioid cell uveal melanoma": "572",
  "epithelioid hemangioendothelioma": "573",
  "epithelioid trophoblastic tumor": "574",
  "ermine phenotype": "575",
  "erythema infectiosum": "576",
  "erythrocyte galactose epimerase deficiency": "577",
  "erythrokeratodermia-cardiomyopathy syndrome": "578",
  "erythropoietic uroporphyria associated with myeloid malignancy": "579",
  "esophageal atresia coloboma talipes": "580",
  "esophageal melanoma": "581",
  "esophagus carcinoma in situ": "582",
  "esophagus verrucous carcinoma": "583",
  "ethmoidal sinus neoplasm": "584",
  "eumycotic mycetoma": "585",
  "eversion of lacrimal punctum": "586",
  "exocrine pancreatic carcinoma": "587",
  "external ear squamous cell carcinoma": "588",
  "facial diplegia with paresthesias": "589",
  "factor 9 and Factor XI, combined deficiency of": "590",
  "fallopian tube clear cell adenocarcinoma": "591",
  "fallopian tube neoplasm": "592",
  "fallopian tube teratoma": "593",
  "familial chilblain lupus": "594",
  "familial clubfoot due to 17q23.1q23.2 microduplication": "595",
  "familial cutaneous melanoma": "596",
  "familial dilated cardiomyopathy": "597",
  "familial hypercholesterolemia": "598",
  "familial hyperlipidemia": "599",
  "familial parathyroid adenoma": "600",
  "familial partial lipodystrophy": "601",
  "familial primary hypomagnesemia with hypercalciuria and nephrocalcinosis": "602",
  "familial primary hypomagnesemia with low or normal calcium": "603",
  "familial primary localized cutaneous amyloidosis": "604",
  "familial renal glucosuria": "605",
  "fasciolopsiasis": "606",
  "fatal familial insomnia": "607",
  "fatal mitochondrial disease due to combined oxidative phosphorylation defect type 3": "608",
  "fatal post-viral neurodegenerative disorder": "609",
  "fatty acid oxidation and ketogenesis disorder with hypertrophic cardiomyopathy": "610",
  "feigenbaum Bergeron syndrome": "611",
  "female breast upper-inner quadrant cancer": "612",
  "female reproductive organ cancer": "613",
  "femoral vein thrombophlebitis": "614",
  "fetal lower urinary tract obstruction": "615",
  "fibrillary astrocytoma": "616",
  "fibula aplasia complex brachydactyly": "617",
  "fibular dimelia-diplopodia syndrome": "618",
  "finger hyperphalangy - toe anomalies - severe pectus excavatum syndrome": "619",
  "flat retinoschisis": "620",
  "floating-Harbor syndrome": "621",
  "foix chavany Marie syndrome": "622",
  "folic acid deficiency anemia": "623",
  "foot disease": "624",
  "formiminoglutamic aciduria": "625",
  "frontal sinusitis": "626",
  "frontorhiny": "627",
  "functional colonic disease": "628",
  "functioning endocrine neoplasm": "629",
  "fundus pulverulentus": "630",
  "galactosialidosis": "631",
  "gallbladder adenoma": "632",
  "gallbladder melanoma": "633",
  "gallbladder rhabdomyosarcoma": "634",
  "ganglioglioma": "635",
  "gastric adenocarcinoma and proximal polyposis of the stomach": "636",
  "gastric juice peptides": "637",
  "gastric mantle cell lymphoma": "638",
  "gastric neuroendocrine tumor, well differentiated, low or intermediate grade": "639",
  "gastrointestinal polyp": "640",
  "genetic cardiac rhythm disease": "641",
  "genetic intestinal polyposis": "642",
  "genochondromatosis": "643",
  "germ cell tumor of the vulva": "644",
  "gestational diabetes": "645",
  "gestational diabetes insipidus": "646",
  "gingival disease": "647",
  "gingival fibroepithelial polyp": "648",
  "gingival neoplasm": "649",
  "glaucoma 3, primary infantile, B": "650",
  "glaucoma, primary closed-angle": "651",
  "global developmental delay - lung cysts - overgrowth - Wilms tumor syndrome": "652",
  "globe disease": "653",
  "glomerulosclerosis": "654",
  "glottis cancer": "655",
  "glutamyl ribose-5-phosphate storage disease": "656",
  "glutathione transferase activity toward trans-stilbene oxide": "657",
  "glycerol metabolism disease": "658",
  "glycine metabolism disease": "659",
  "glycogen storage disease due to lactate dehydrogenase deficiency": "660",
  "goblet cell carcinoma": "661",
  "gonadal tissue neoplasm": "662",
  "graft versus host disease": "663",
  "gram-negative bacterial infections": "664",
  "granulomas, congenital cerebral": "665",
  "granulomatous dermatitis": "666",
  "granulomatous disease, chronic, X-linked": "667",
  "granulomatous hypophysitis": "668",
  "granulomatous mastitis": "669",
  "granulomatous prostatitis": "670",
  "green sandford davison syndrome": "671",
  "grouped pigmentation of the retina": "672",
  "growth and developintellectual disability, ocular ptosis, cardiac defect, and anal atresia": "673",
  "guanylate cyclase 2E": "674",
  "haemonchiasis": "675",
  "hand, foot and mouth disease": "676",
  "head and neck carcinoma": "677",
  "heart conduction disease": "678",
  "heart position anomaly": "679",
  "heartwater disease": "680",
  "hemangioendothelioma": "681",
  "hemangioma of lung": "682",
  "hemangiomatosis, cutaneous, with associated features": "683",
  "heme oxygenase 1 deficiency": "684",
  "hemorrhagic disorder due to a platelet anomaly": "685",
  "hepatic coma": "686",
  "hepatic tuberculosis": "687",
  "hereditary amyloidosis": "688",
  "hereditary hypotrichosis with recurrent skin vesicles": "689",
  "hereditary mucosal leukokeratosis": "690",
  "hereditary neutrophilia": "691",
  "hereditary sensory and autonomic neuropathy": "692",
  "hereditary stomatocytosis": "693",
  "hereditary thrombocytopenia and hematological cancer predisposition syndrome associated with RUNX1": "694",
  "herpes simplex encephalitis, susceptibility to": "695",
  "heterotopia, periventricular, associated with chromosome 5P anomalies": "696",
  "hidradenitis suppurativa": "697",
  "hidrotic ectodermal dysplasia, Halal type": "698",
  "hip dysplasia, canine": "699",
  "histiocytoma": "700",
  "hobnail hemangioma": "701",
  "holoprosencephaly-hypokinesia-congenital contractures syndrome": "702",
  "homocystinuria (disease)": "703",
  "homozygous 11P15-p14 deletion syndrome": "704",
  "human monocytic ehrlichiosis": "705",
  "humerofemoral hypoplasia with radiotibial ray deficiency": "706",
  "hyalohyphomycosis": "707",
  "hydrocephaly-tall stature-joint laxity syndrome": "708",
  "hymenolepiasis": "709",
  "hyper-ige recurrent infection syndrome 4, autosomal recessive": "710",
  "hyperammonemic encephalopathy due to carbonic anhydrase VA deficiency": "711",
  "hyperargininemia": "712",
  "hyperbilirubinemia, conjugated, type 3": "713",
  "hyperbilirubinemia, shunt, primary": "714",
  "hyperbiliverdinemia": "715",
  "hypercalciuria, absorptive": "716",
  "hyperdibasic aminoaciduria type 1": "717",
  "hyperemesis gravidarum (disease)": "718",
  "hyperhidrosis palmaris ET plantaris": "719",
  "hyperhomocysteinemia": "720",
  "hyperphosphatemia (disease)": "721",
  "hypertensive retinopathy": "722",
  "hyperthyroxinemia, familial dysalbuminemic": "723",
  "hypogonadotropic hypogonadism": "724",
  "hypomyelinating leukodystrophy": "725",
  "hypoplasminogenemia": "726",
  "hypotrichosis-deafness syndrome": "727",
  "hypotrichosis-lymphedema-telangiectasia syndrome": "728",
  "iatrogenic or traumatic pituitary deficiency": "729",
  "ichthyosis, X-linked, without steroid sulfatase deficiency": "730",
  "idiopathic anaphylaxis": "731",
  "idiopathic phalangeal acro-osteolysis": "732",
  "idiopathic pulmonary artery dilatation": "733",
  "idiopathic recurrent and disabling cutaneous herpes": "734",
  "idiopathic steroid-sensitive nephrotic syndrome with minimal change": "735",
  "idiopathic urticaria": "736",
  "immature cataract": "737",
  "immune-mediated acquired neuromuscular junction disease": "738",
  "immunodeficiency due to a classical component pathway complement deficiency": "739",
  "immunodeficiency due to a late component of complement deficiency": "740",
  "immunodeficiency-related disorder": "741",
  "impacted teeth, multiple": "742",
  "impetigo herpetiformis": "743",
  "impulse control disorder": "744",
  "inborn disorder of pentose phosphate metabolism": "745",
  "inborn disorder of serine family metabolism": "746",
  "inborn disorder of tryptophan metabolism": "747",
  "incessant infant ventricular tachycardia": "748",
  "incisors, rotation of upper central": "749",
  "inclusion body myopathy with Paget disease of bone and frontotemporal dementia": "750",
  "indolent plasma cell myeloma": "751",
  "indolent primary cutaneous B-cell lymphoma": "752",
  "infant botulism": "753",
  "infantile cataract, skin abnormalities, glutamate excess, and impaired intellectual development": "754",
  "infantile osteopetrosis with neuroaxonal dysplasia": "755",
  "infection by Trypanosoma rhodesiense": "756",
  "infectious ectromelia": "757",
  "infectious myositis": "758",
  "infectious myxomatosis": "759",
  "infectious, fungal or parasitic myopathy": "760",
  "inflammatory diarrhea": "761",
  "inherited cardiac tumor": "762",
  "inherited glutathione metabolism disease": "763",
  "inherited prion disease": "764",
  "inherited skin tumor": "765",
  "iniencephaly": "766",
  "intellectual developmental disorder": "767",
  "intellectual developmental disorder and retinitis pigmentosa; IDDRP": "768",
  "intellectual developmental disorder, autosomal recessive": "769",
  "intellectual disability, X-linked 99, syndromic, female-restricted": "770",
  "intellectual disability, X-linked, with or without seizures, arx-related": "771",
  "intellectual disability-cataracts-kyphosis syndrome": "772",
  "intellectual disability-hyperkinetic movement-truncal ataxia syndrome": "773",
  "intellectual disability-macrocephaly-hypotonia-behavioral abnormalities syndrome": "774",
  "interferon antiviral depressor": "775",
  "intermittent squint": "776",
  "interstitial lung disease due to ABCA3 deficiency": "777",
  "intestinal cancer": "778",
  "intestinal disease": "779",
  "intestinal neuroendocrine tumor G1": "780",
  "intracranial abscess": "781",
  "intracranial arterial disease": "782",
  "intracranial hemorrhage": "783",
  "intrahepatic biliary papillomatosis": "784",
  "intraoperative floppy iris syndrome": "785",
  "intrinsic factor and r binder, combined congenital deficiency of": "786",
  "irritable bowel syndrome": "787",
  "isolated Klippel-Feil syndrome": "788",
  "isolated delta-storage pool disease": "789",
  "isolated dystonia": "790",
  "isolated microphthalmia": "791",
  "isolated optic nerve hypoplasia": "792",
  "isolated trigonocephaly": "793",
  "jaw cancer": "794",
  "jejunal neuroendocrine tumor G1": "795",
  "junctional epidermolysis bullosa": "796",
  "keloid": "797",
  "keratoconus": "798",
  "keratosis follicularis spinulosa decalvans, autosomal dominant": "799",
  "ketone compounds, ability to smell": "800",
  "labia minora carcinoma": "801",
  "labyrinthitis": "802",
  "language disorder": "803",
  "large artery stroke": "804",
  "larva migrans, visceral": "805",
  "laryngeal sarcoma": "806",
  "laryngeal small cell carcinoma": "807",
  "laryngotracheitis": "808",
  "late-infantile/juvenile Krabbe disease": "809",
  "late-onset junctional epidermolysis bullosa": "810",
  "late-onset localized junctional epidermolysis bullosa-intellectual disability syndrome": "811",
  "laurin-Sandrow syndrome": "812",
  "learning disability": "813",
  "left superior vena cava persisting to left-sided atrium": "814",
  "lentivirus infection": "815",
  "lethal Kniest-like dysplasia": "816",
  "lethal arteriopathy syndrome due to fibulin-4 deficiency": "817",
  "lethal faciocardiomelic dysplasia": "818",
  "lethal left ventricular non-compaction-seizures-hypotonia-cataract-developmental delay syndrome": "819",
  "lethal polymalformative syndrome, Boissel type": "820",
  "leukemia, acute myelocytic, with polyposis coli and colon cancer": "821",
  "leukocyte adhesion deficiency": "822",
  "leukocyte disease": "823",
  "leukoencephalopathy with calcifications and cysts": "824",
  "leukoencephalopathy-palmoplantar keratoderma syndrome": "825",
  "leukonychia totalis": "826",
  "leukostasis": "827",
  "levocardia": "828",
  "limb-girdle muscular dystrophy": "829",
  "limbal stem cell deficiency": "830",
  "limbic encephalitis": "831",
  "lip and oral cavity carcinoma": "832",
  "lipoatrophy with diabetes, leukomelanodermic papules, liver steatosis, and hypertrophic cardiomyopathy": "833",
  "lipodystrophy (disease)": "834",
  "lipoma of colon": "835",
  "lipomatous cancer": "836",
  "lissencephaly": "837",
  "lissencephaly type 1 due to doublecortin gene mutation": "838",
  "liver disease": "839",
  "loiasis": "840",
  "low grade fibromyxoid sarcoma": "841",
  "lower respiratory tract disease": "842",
  "lung adenocarcinoma": "843",
  "lung adenocarcinoma in situ": "844",
  "lung leiomyosarcoma": "845",
  "lung meningioma": "846",
  "lung occult squamous cell carcinoma": "847",
  "lung sarcoma": "848",
  "luteoma of pregnancy": "849",
  "lymphangioma": "850",
  "lymphedema, hereditary": "851",
  "lymphoplasmacytic lymphoma": "852",
  "macrodactyly of fingers, bilateral": "853",
  "macrodactyly of toes, unilateral": "854",
  "macrosomia adiposa congenita": "855",
  "macular dystrophy with central cone involvement": "856",
  "male orgasm disorder": "857",
  "malformation of the cerebellar vermis": "858",
  "malformative syndrome with dentinogenesis imperfecta": "859",
  "malignant epithelial tumor of salivary glands": "860",
  "malignant germ cell tumor of corpus uteri": "861",
  "malignant glandular tumor of peripheral nerve sheath": "862",
  "malignant glioma": "863",
  "malignant non-dysgerminomatous germ cell tumor of ovary": "864",
  "malignant otitis externa": "865",
  "malignant pericardial mesothelioma": "866",
  "malignant tumor of meninges": "867",
  "malignant vaginal mixed epithelial and mesenchymal neoplasm": "868",
  "malocclusion due to protuberant upper front teeth": "869",
  "mannose 6-phosphate receptor recognition defect, Lebanese type": "870",
  "mantle cell lymphoma": "871",
  "marfanoid habitus with situs inversus": "872",
  "marfanoid habitus-inguinal hernia-advanced bone age syndrome": "873",
  "mast cell leukemia": "874",
  "maternal hyperthermia induced birth defects": "875",
  "maternal riboflavin deficiency": "876",
  "maternal uniparental disomy of chromosome 22": "877",
  "maternally-inherited Leigh syndrome": "878",
  "mature ovarian teratoma": "879",
  "maxillary arteriovenous malformation": "880",
  "median cleft lip/mandibule": "881",
  "mediastinal disease": "882",
  "mediastinal soft tissue cancer": "883",
  "mediastinum ganglioneuroblastoma": "884",
  "medium chain acyl-CoA dehydrogenase deficiency": "885",
  "medullary thyroid gland carcinoma": "886",
  "medulloepithelioma": "887",
  "melanotic psammomatous malignant peripheral nerve sheath tumor": "888",
  "mendelian susceptibility to mycobacterial diseases due to complete IL12RB1 deficiency": "889",
  "menstrual cycle-dependent periodic fever": "890",
  "mesial temporal lobe epilepsy with hippocampal sclerosis": "891",
  "mesoaxial hexadactyly and cardiac malformation": "892",
  "mesothelioma": "893",
  "metabolic disease with pigmentary retinitis": "894",
  "metachromatic leukodystrophy": "895",
  "metaphyseal chondromatosis with D-2-hydroxyglutaric aciduria": "896",
  "metaphyseal dysplasia without hypotrichosis": "897",
  "methimazole embryofetopathy": "898",
  "methylmalonic acidemia due to methylmalonyl-CoA epimerase deficiency": "899",
  "microbrachycephaly-ptosis-cleft lip syndrome": "900",
  "microcephaly, facial dysmorphism, renal agenesis, and ambiguous genitalia syndrome": "901",
  "microcephaly-cardiomyopathy syndrome": "902",
  "microcephaly-congenital cataract-psoriasiform dermatitis syndrome": "903",
  "microcephaly-polymicrogyria-corpus callosum agenesis syndrome": "904",
  "microcephaly-short stature-intellectual disability-facial dysmorphism syndrome": "905",
  "microcornea-glaucoma-absent frontal sinuses syndrome": "906",
  "microcystic/reticular schwannoma": "907",
  "microscopic colitis": "908",
  "midface hypoplasia, obesity, developmental delay, and neonatal hypotonia": "909",
  "miliaria profunda": "910",
  "mink viral enteritis": "911",
  "mirror agnosia": "912",
  "mirror movements": "913",
  "mitochondrial DNA depletion syndrome 14 (cardioencephalomyopathic type)": "914",
  "mitochondrial complex 1 deficiency, mitochondrial type 1": "915",
  "mitochondrial complex 1 deficiency, nuclear": "916",
  "mitochondrial complex I deficiency, mitochondrial type": "917",
  "mitochondrial non-syndromic sensorineural deafness": "918",
  "mixed hepatoblastoma": "919",
  "moderate multiminicore disease with hand involvement": "920",
  "monkeypox": "921",
  "monocular esotropia": "922",
  "monofixation syndrome": "923",
  "monostotic fibrous dysplasia (disease)": "924",
  "mosaic trisomy 4": "925",
  "mullerian derivatives-lymphangiectasia-polydactyly syndrome": "926",
  "multiple carboxylase deficiency": "927",
  "muscle cramps, familial": "928",
  "muscular dystrophy": "929",
  "muscular dystrophy, pseudohypertrophic, with Internalized capillaries": "930",
  "muscular pseudohypertrophy-hypothyroidism syndrome": "931",
  "muscular tumor": "932",
  "mushroom workers' lung": "933",
  "myasthenia gravis": "934",
  "myelolymphatic insufficiency": "935",
  "myeloproliferative disorder, chronic, with eosinophilia": "936",
  "myopathy, congenital proximal, with minicore lesions": "937",
  "myosclerosis": "938",
  "myositis fibrosa": "939",
  "myxedema": "940",
  "nail anomaly": "941",
  "nasal cavity and paranasal sinus carcinoma": "942",
  "nasal cavity lymphoma": "943",
  "necrotizing enterocolitis": "944",
  "necrotizing gastritis": "945",
  "neonatal brainstem dysfunction": "946",
  "neonatal intrahepatic cholestasis due to citrin deficiency": "947",
  "neoplasm of parietal lobe": "948",
  "neoplastic polyp": "949",
  "nephrosis": "950",
  "nephrotic syndrome,": "951",
  "nerve sheath neoplasm": "952",
  "nested variant infiltrating bladder urothelial carcinoma": "953",
  "neuroaspergillosis": "954",
  "neurodevelopmental disorder and language delay with or without structural brain abnormalities": "955",
  "neurodevelopmental disorder with cerebellar hypoplasia and spasticity": "956",
  "neurodevelopmental disorder with coarse facies and mild distal skeletal abnormalities": "957",
  "neurodevelopmental disorder with hypotonia and cerebellar atrophy, with or without seizures": "958",
  "neurodevelopmental disorder with microcephaly, ataxia, and seizures": "959",
  "neuroendocrine tumor of the colon, well differentiated, low or intermediate grade tumor": "960",
  "neurofibroma": "961",
  "neurolymphomatosis": "962",
  "neuromuscular disease and ocular or auditory anomalies with or without seizures": "963",
  "neuronal intestinal pseudoobstruction": "964",
  "neutral lipid storage disease": "965",
  "new-onset refractory status epilepticus": "966",
  "nodular fasciitis": "967",
  "non-autoimmune hemolytic anemia": "968",
  "non-infectious meningitis": "969",
  "non-suppurative otitis media": "970",
  "non-syndromic amelia": "971",
  "non-syndromic limb reduction defect": "972",
  "non-syndromic synpolydactyly": "973",
  "nonmucinous bronchioloalveolar adenocarcinoma": "974",
  "nutritional disorder": "975",
  "obsolete contact dermatitis caused by poison oak": "976",
  "obsolete pathologic fracture": "977",
  "obsolete pityriasis": "978",
  "obsolete sudden infant death syndrome": "979",
  "occlusion precerebral artery": "980",
  "ocular hypertension": "981",
  "ocular sebaceous carcinoma": "982",
  "oculoauricular syndrome": "983",
  "oculogyric crisis": "984",
  "odontochondrodysplasia 2 with hearing loss and diabetes": "985",
  "odontoid hypoplasia": "986",
  "odontomicronychial dysplasia": "987",
  "oesophagostomiasis": "988",
  "omphalocele-diaphragmatic hernia-cardiovascular anomalies-radial ray defect syndrome": "989",
  "onchocerciasis": "990",
  "ophthalmoplegia, external, with rib and vertebral anomalies": "991",
  "ophthalmoplegia, familial total, with iris transillumination": "992",
  "opioid dependence, susceptibility to, 1": "993",
  "optic atrophy with demyelinating disease of CNS": "994",
  "optic atrophy with negative Electroretinograms": "995",
  "optic atrophy-peripheral neuropathy-developmental delay syndrome": "996",
  "optic nerve glioma": "997",
  "orbital cancer": "998",
  "ornithine carbamoyltransferase deficiency": "999",
  "oropharynx squamous cell carcinoma": "1000",
  "ossifying fibroma (disease)": "1001",
  "osteoarthritis": "1002",
  "osteoarthritis susceptibility": "1003",
  "osteochondrodysplasia, brachydactyly, and overlapping malformed digits": "1004",
  "osteochondrodysplasia, rhizomelic, with callosal agenesis, thrombocytopenia, hydrocephalus, and hypertension": "1005",
  "osteoma of middle ear": "1006",
  "osteopenia-intellectual disability-sparse hair syndrome": "1007",
  "otopalatodigital syndrome": "1008",
  "ovarian clear cell adenofibroma": "1009",
  "ovarian disease": "1010",
  "ovarian gonadoblastoma (disease)": "1011",
  "ovarian gynandroblastoma": "1012",
  "ovarian mucinous adenocarcinoma": "1013",
  "ovarian mucinous adenofibroma": "1014",
  "ovarian myxoid liposarcoma": "1015",
  "ovarian sarcoma": "1016",
  "ovarian serous cystadenocarcinoma": "1017",
  "ovarian squamous cell neoplasm": "1018",
  "overgrowth-macrocephaly-facial dysmorphism syndrome": "1019",
  "overgrowth/obesity syndrome": "1020",
  "pachygyria-intellectual disability-epilepsy syndrome": "1021",
  "pancreatic beta cell agenesis with neonatal diabetes mellitus": "1022",
  "pancreatic cholera": "1023",
  "pancreatic insufficiency-anemia-hyperostosis syndrome": "1024",
  "pancreatic mucinous cystadenoma": "1025",
  "pancreatic mucinous ductal ectasia": "1026",
  "pancreatic small cell neuroendocrine carcinoma": "1027",
  "pancreatic steatorrhea": "1028",
  "panniculitis and localized lipodystrophy": "1029",
  "papilledema": "1030",
  "paranasal sinus cancer": "1031",
  "paranasal sinus carcinoma": "1032",
  "parasitic intestinal disease": "1033",
  "paratesticular lipoma": "1034",
  "paratyphoid fever": "1035",
  "partial corpus callosum agenesis-cerebellar vermis hypoplasia with posterior fossa cysts syndrome": "1036",
  "partial deletion of chromosome 11": "1037",
  "partial deletion of chromosome 16": "1038",
  "partial deletion of the long arm of chromosome 14": "1039",
  "partial deletion of the long arm of chromosome 19": "1040",
  "partial deletion of the short arm of chromosome 18": "1041",
  "partial duplication of chromosome 4": "1042",
  "partial duplication of the short arm of chromosome 16": "1043",
  "partial duplication of the short arm of chromosome 2": "1044",
  "partial duplication of the short arm of chromosome 7": "1045",
  "partial monosomy of the short arm of chromosome 17": "1046",
  "partial motor epilepsy": "1047",
  "patent ductus venosus": "1048",
  "paternal 14q32.2 hypomethylation syndrome": "1049",
  "patterned macular dystrophy": "1050",
  "paucibacillary leprosy": "1051",
  "pediatric CNS choriocarcinoma": "1052",
  "pediatric multiple sclerosis": "1053",
  "penis verrucous carcinoma": "1054",
  "pentalogy of Cantrell": "1055",
  "periampullary adenocarcinoma": "1056",
  "perianal Crohn disease": "1057",
  "pericytic neoplasm": "1058",
  "periductal breast myoepitheliosis": "1059",
  "peripheral T-cell lymphoma, not otherwise specified": "1060",
  "persistent hyperplastic primary vitreous": "1061",
  "phenytoin toxicity": "1062",
  "phosphaturic mesenchymal tumor": "1063",
  "photomyoclonus, diabetes mellitus, deafness, nephropathy, and cerebral dysfunction": "1064",
  "pigmented spindle cell nevus": "1065",
  "pigmented villonodular synovitis": "1066",
  "pineal parenchymal tumor of intermediate differenciation": "1067",
  "pit and fissure surface dental caries": "1068",
  "pituitary hormone deficiency from tumoral origin": "1069",
  "pituitary hormone defiency from vascular origin": "1070",
  "pityriasis amiantacea": "1071",
  "pityriasis steatoides": "1072",
  "placenta disease": "1073",
  "placental hemangioma": "1074",
  "plantar nerve lesion": "1075",
  "plantar verrucous skin carcinoma": "1076",
  "plasmacytoma": "1077",
  "platelet signal processing defect": "1078",
  "platyspondylic dysplasia, Torrance type": "1079",
  "pleurisy": "1080",
  "pneumonic tularemia": "1081",
  "poikiloderma with neutropenia": "1082",
  "polycystic kidney disease 3 with or without polycystic liver disease": "1083",
  "polycystic kidney, cataract, and congenital blindness": "1084",
  "polyendocrine-polyneuropathy syndrome": "1085",
  "polyendocrinopathy": "1086",
  "polyhydramnios (disease)": "1087",
  "polymicrogyria with or without vascular-type ehlers-danlos syndrome": "1088",
  "polyostotic fibrous dysplasia": "1089",
  "polyradiculoneuropathy": "1090",
  "post-infectious neuralgia": "1091",
  "postaxial polydactyly": "1092",
  "posterior fossa malformation": "1093",
  "posterior uveal melanoma": "1094",
  "precocious puberty in female": "1095",
  "predisposition to invasive fungal disease due to CARD9 deficiency": "1096",
  "prelingual non-syndromic genetic deafness": "1097",
  "premature aging syndrome": "1098",
  "premature ovarian failure": "1099",
  "presbyopia": "1100",
  "priapism": "1101",
  "primary bone dysplasia with progressive ossification of skin, skeletal muscle, fascia, tendons and ligaments": "1102",
  "primary cutaneous follicle center lymphoma": "1103",
  "primary erythermalgia": "1104",
  "primary non-gestational choriocarcinoma of ovary": "1105",
  "primary optic atrophy": "1106",
  "primary osteolysis": "1107",
  "primary release disorder of platelets": "1108",
  "primary unilateral adrenal hyperplasia": "1109",
  "primitive neuroectodermal tumor": "1110",
  "proboscis lateralis": "1111",
  "proctocolitis": "1112",
  "progeria-associated arthropathy": "1113",
  "progressive cerebello-cerebral atrophy": "1114",
  "progressive external ophthalmoplegia": "1115",
  "progressive relapsing multiple sclerosis": "1116",
  "prostate embryonal rhabdomyosarcoma": "1117",
  "prostate small cell carcinoma": "1118",
  "protein-energy malnutrition": "1119",
  "prothrombin deficiency": "1120",
  "proximal spinal muscular atrophy": "1121",
  "pruritus, hereditary localized": "1122",
  "pseudoglandular squamous cell carcinoma": "1123",
  "psychiatric disorder": "1124",
  "pterygium colli, isolated": "1125",
  "ptosis (disease)": "1126",
  "ptosis-syndactyly-learning difficulties syndrome": "1127",
  "pulmonary alveolar microlithiasis": "1128",
  "pulmonary fibrosis-hepatic hyperplasia-bone marrow hypoplasia syndrome": "1129",
  "pulmonary hypertension": "1130",
  "pulmonary large cell neuroendocrine carcinoma": "1131",
  "pyelitis": "1132",
  "pyometritis": "1133",
  "pyridoxine-dependent epilepsy caused by ALDH7A1 mutant": "1134",
  "pyridoxine-responsive sideroblastic anemia": "1135",
  "pyruvate carboxylase deficiency, infantile form": "1136",
  "pyruvate metabolism disorder": "1137",
  "qualitative or quantitative defects of beta-sarcoglycan": "1138",
  "qualitative or quantitative defects of plectin": "1139",
  "qualitative platelet defect": "1140",
  "radiation-induced plexopathy": "1141",
  "recessive intellectual disability-motor dysfunction-multiple joint contractures syndrome": "1142",
  "rectal adenosquamous carcinoma": "1143",
  "rectal carcinoma": "1144",
  "rectal medullary carcinoma": "1145",
  "rectal traditional serrated adenoma": "1146",
  "rectal tubular adenoma": "1147",
  "rectum leiomyosarcoma": "1148",
  "red skin pigment anomaly of new guinea": "1149",
  "refractory hairy cell leukemia": "1150",
  "relapsing-remitting multiple sclerosis": "1151",
  "renal tubular dysgenesis of genetic origin": "1152",
  "renovascular hypertension (disease)": "1153",
  "rete ovarii cystadenofibroma": "1154",
  "retinal dystrophies primarily involving Bruch's membrane": "1155",
  "retinal hemangioblastoma": "1156",
  "retinal ischemic syndrome-digestive tract small vessel hyalinosis-diffuse cerebral calcifications syndrome": "1157",
  "retinal vasculitis": "1158",
  "retinopathy of prematurity": "1159",
  "retinopathy, pigmentary, and intellectual disability": "1160",
  "retinoschisis of fovea": "1161",
  "retrocerebellar cyst (disease)": "1162",
  "rhabdoid meningioma": "1163",
  "rheumatoid arthritis": "1164",
  "rhizomelic limb shortening with dysmorphic features": "1165",
  "rickets (disease)": "1166",
  "ring chromosome 6": "1167",
  "roseolovirus infectious disease": "1168",
  "sacral agenesis-abnormal ossification of the vertebral bodies-persistent notochordal canal syndrome": "1169",
  "sagittal sinus thrombosis": "1170",
  "salivary gland acinic cell carcinoma": "1171",
  "sarcoidosis, susceptibility to": "1172",
  "sarcoma": "1173",
  "sarcoma of cervix uteri": "1174",
  "sarcomatoid renal cell carcinoma": "1175",
  "scalp dermatosis": "1176",
  "scleral staphyloma (disease)": "1177",
  "scleritis": "1178",
  "scleromyxedema": "1179",
  "sclerosing adenosis of breast": "1180",
  "sclerosing breast papilloma": "1181",
  "scrotum neoplasm": "1182",
  "selective immunoglobulin deficiency disease": "1183",
  "seminal vesicle tumor": "1184",
  "serositis": "1185",
  "serous neoplasm": "1186",
  "serpinopathy with loss of serpin function": "1187",
  "severe dermatitis-multiple allergies-metabolic wasting syndrome": "1188",
  "severe early-onset axonal neuropathy due to NEFL deficiency": "1189",
  "severe hypotonia-psychomotor developmental delay-strabismus-cardiac septal defect syndrome": "1190",
  "severe intellectual disability-corpus callosum agenesis-facial dysmorphism-cerebellar ataxia syndrome": "1191",
  "severe neonatal lactic acidosis due to NFS1-ISD11 complex deficiency": "1192",
  "severe nonproliferative diabetic retinopathy": "1193",
  "severe primary trimethylaminuria": "1194",
  "short rib-polydactyly syndrome, Majewski type": "1195",
  "short stature and microcephaly with genital anomalies": "1196",
  "short stature contractures hypotonia": "1197",
  "short stature due to growth hormone qualitative anomaly": "1198",
  "short stature, rhizomelic, with microcephaly, micrognathia, and developmental delay": "1199",
  "short stature-craniofacial anomalies-genital hypoplasia syndrome": "1200",
  "short stature-webbed neck-heart disease syndrome": "1201",
  "shoulder and thorax deformity-congenital heart disease syndrome": "1202",
  "sigmoid neoplasm": "1203",
  "silent pituitary adenoma": "1204",
  "silver-Russell syndrome due to maternal uniparental disomy of chromosome 7": "1205",
  "simultanagnosia": "1206",
  "skeletal dysplasia-T-cell immunodeficiency-developmental delay syndrome": "1207",
  "skeletal fluorosis": "1208",
  "skeletal system disease": "1209",
  "skin adenoid basal cell carcinoma": "1210",
  "skull cancer": "1211",
  "small cell variant anaplastic large cell lymphoma": "1212",
  "small intestinal mucosa-associated lymphoid tissue lymphoma": "1213",
  "small intestinal tubular adenoma": "1214",
  "smooth muscle cancer": "1215",
  "solid papillary breast carcinoma": "1216",
  "spastic ataxia-dysarthria due to glutaminase deficiency": "1217",
  "spastic diplegia": "1218",
  "spastic entropion": "1219",
  "spastic paraplegia-neuropathy-poikiloderma syndrome": "1220",
  "specific language disorder": "1221",
  "sphenocavernous meningioma": "1222",
  "spina bifida": "1223",
  "spindle cell nevus": "1224",
  "splenic disease": "1225",
  "splenic infarction": "1226",
  "splenic tuberculosis": "1227",
  "spondylo-megaepiphyseal-metaphyseal dysplasia": "1228",
  "spondyloepiphyseal dysplasia tarda with characteristic facies": "1229",
  "spondyloepiphyseal dysplasia, Reardon type": "1230",
  "sporadic idiopathic steroid-resistant nephrotic syndrome with diffuse mesangial sclerosis": "1231",
  "squamous cell carcinoma of buccal mucosa": "1232",
  "squamous cell carcinoma of rectum": "1233",
  "squamous cell carcinoma of the oral tongue": "1234",
  "squamous cell neoplasm": "1235",
  "staphylococcal scalded skin syndrome": "1236",
  "steatitis": "1237",
  "streptococcal pneumonia": "1238",
  "striatal degeneration, autosomal dominant": "1239",
  "striated muscle rhabdoid tumor": "1240",
  "subpulmonary stenosis": "1241",
  "substance withdrawal syndrome": "1242",
  "sulfation-related bone disorder": "1243",
  "superficial mycosis": "1244",
  "supraglottis verrucous carcinoma": "1245",
  "supratentorial primitive neuroectodermal tumor": "1246",
  "susceptibility to HIV infection": "1247",
  "symbrachydactyly of hands and feet": "1248",
  "symptomatic form of hemophilia in female carriers": "1249",
  "syndrome with 46,XY disorder of sex development": "1250",
  "syndrome with limb reduction defects": "1251",
  "syndrome with microcephaly as major feature": "1252",
  "syndromic craniosynostosis": "1253",
  "syndromic epicanthus": "1254",
  "syndromic lymphedema": "1255",
  "syndromic microphthalmia": "1256",
  "syndromic neurometabolic disease with non-X-linked intellectual disability": "1257",
  "syndromic orbital border hypoplasia": "1258",
  "syndromic visceral malformation": "1259",
  "systemic disease with skin involvement": "1260",
  "systemic mycosis": "1261",
  "tarsal tunnel syndrome": "1262",
  "teeth, odd shapes of": "1263",
  "tenosynovial giant cell tumor, localized type": "1264",
  "terminal transverse defects of arm": "1265",
  "testicular germ cell tumor": "1266",
  "testicular lymphoma": "1267",
  "tetralogy of fallot and glaucoma": "1268",
  "thanatophoric dysplasia": "1269",
  "therapy related acute myeloid leukemia and myelodysplastic syndrome": "1270",
  "thiamine-responsive dysfunction syndrome": "1271",
  "thiopurine immunosuppressant-induced pancreatitis": "1272",
  "thoracic disease": "1273",
  "thrombocythemia": "1274",
  "thrombomodulin-related bleeding disorder": "1275",
  "thrombophlebitis migrans": "1276",
  "thymus gland disease": "1277",
  "thymus small cell carcinoma": "1278",
  "thyroid gland disease": "1279",
  "thyroid gland mucoepidermoid carcinoma": "1280",
  "thyroid gland undifferentiated (anaplastic) carcinoma": "1281",
  "thyroid lymphoma": "1282",
  "tibial muscular dystrophy": "1283",
  "tick paralysis": "1284",
  "tick-borne infectious disease": "1285",
  "tongue cancer": "1286",
  "tonsil neoplasm": "1287",
  "toxic shock syndrome": "1288",
  "tracheal agenesis": "1289",
  "tracheal lymphoma": "1290",
  "transaldolase deficiency": "1291",
  "transient arthritis": "1292",
  "transitional cell carcinoma of the corpus uteri": "1293",
  "transverse vaginal septum": "1294",
  "trench fever": "1295",
  "triatrial heart": "1296",
  "trichilemmal cyst": "1297",
  "tricho-oculo-dermo-vertebral syndrome": "1298",
  "trichodermodysplasia-dental alterations syndrome": "1299",
  "trichohepatoenteric syndrome": "1300",
  "trichomegaly": "1301",
  "trigonocephaly-short stature-developmental delay syndrome": "1302",
  "true hermaphroditism": "1303",
  "tuberculin skin test reactivity, absence of": "1304",
  "tubular duplication of the esophagus": "1305",
  "tularemia": "1306",
  "tympanitis": "1307",
  "type 2 diabetes nephropathy": "1308",
  "type I complement component 8 deficiency": "1309",
  "typhus": "1310",
  "ulceroglandular tularemia": "1311",
  "ulerythema ophryogenesis": "1312",
  "ulnar hemimelia, bilateral": "1313",
  "ulnar ray dysgenesis with postaxial polydactyly and renal cystic dysplasia": "1314",
  "uniparental disomy of maternal origin": "1315",
  "urinary bladder disease": "1316",
  "urothelial carcinoma": "1317",
  "urticaria": "1318",
  "uterine carcinosarcoma": "1319",
  "uterine cervix leukoplakia": "1320",
  "uterine corpus adenocarcinofibroma": "1321",
  "uterine corpus diffuse leiomyomatosis": "1322",
  "uterine corpus serous adenocarcinoma": "1323",
  "uterine ligament papillary cystadenoma associated with von Hippel-Lindau disease": "1324",
  "vaginal leiomyoma": "1325",
  "vaginal melanoma": "1326",
  "vaginismus": "1327",
  "vasomotor rhinitis": "1328",
  "venular insufficiency, systemic": "1329",
  "vertebral artery insufficiency": "1330",
  "vestibular schwannoma (disease)": "1331",
  "vestibulocochlear dysfunction, progressive": "1332",
  "viral gastritis": "1333",
  "viral infection of central nervous system": "1334",
  "visual agnosia (disease)": "1335",
  "visual impairment and progressive phthisis bulbi": "1336",
  "vitamin A deficiency (disease)": "1337",
  "vitamin B12- and folate-independent constitutional megaloblastic anemia": "1338",
  "vitreous detachment": "1339",
  "well-differentiated fetal adenocarcinoma of the lung": "1340",
  "wormian bone-multiple fractures-dentinogenesis imperfecta-skeletal dysplasia": "1341",
  "writing disorder": "1342",
  "xanthoma disseminatum": "1343",
  "zoonosis": "1344"
}