{
  "adalimumab": {
    "name": "adalimumab",
    "type": "drug"
  },
  "apremilast": {
    "name": "apremilast",
    "type": "drug"
  },
  "bevacizumab": {
    "name": "bevacizumab",
    "type": "drug"
  },
  "blinatumomab": {
    "name": "blinatumomab",
    "type": "drug"
  },
  "carfilzomib": {
    "name": "carfilzomib",
    "type": "drug"
  },
  "cinacalcet": {
    "name": "cinacalcet",
    "type": "drug"
  },
  "cysteamine": {
    "name": "cysteamine",
    "type": "drug"
  },
  "darbepoetin_alfa": {
    "name": "darbepoetin alfa",
    "type": "drug"
  },
  "denosumab": {
    "name": "denosumab",
    "type": "drug"
  },
  "erenumab": {
    "name": "erenumab",
    "type": "drug"
  },
  "etanercept": {
    "name": "etanercept",
    "type": "drug"
  },
  "etelcalcetide": {
    "name": "etelcalcetide",
    "type": "drug"
  },
  "evolocumab": {
    "name": "evolocumab",
    "type": "drug"
  },
  "filgrastim": {
    "name": "filgrastim",
    "type": "drug"
  },
  "glycerol_phenylbutyrate": {
    "name": "glycerol phenylbutyrate",
    "type": "drug"
  },
  "inebilizumab": {
    "name": "inebilizumab",
    "type": "drug"
  },
  "infliximab": {
    "name": "infliximab",
    "type": "drug"
  },
  "interferon_gamma_1b": {
    "name": "interferon gamma-1b",
    "type": "drug"
  },
  "panitumumab": {
    "name": "panitumumab",
    "type": "drug"
  },
  "pegfilgrastim": {
    "name": "pegfilgrastim",
    "type": "drug"
  },
  "pegloticase": {
    "name": "pegloticase",
    "type": "drug"
  },
  "rituximab": {
    "name": "rituximab",
    "type": "drug"
  },
  "romiplostim": {
    "name": "romiplostim",
    "type": "drug"
  },
  "romosozumab": {
    "name": "romosozumab",
    "type": "drug"
  },
  "talimogene_laherparepvec": {
    "name": "talimogene laherparepvec",
    "type": "drug"
  },
  "teprotumumab": {
    "name": "teprotumumab",
    "type": "drug"
  },
  "tezepelumab": {
    "name": "tezepelumab",
    "type": "drug"
  },
  "trastuzumab": {
    "name": "trastuzumab",
    "type": "drug"
  }
}