{"DB12530_19836": {"metapaths": [{"nodes": [{"nodeId": "DB12530", "nodeType": "drug", "nodeName": "Inebilizumab"}, {"nodeId": "930", "nodeType": "gene/protein", "nodeName": "CD19"}, {"nodeId": "19836", "nodeType": "disease", "nodeName": "congenital anomaly of hepatic vein"}], "edges": [{"edgeInfo": "drug_protein", "score": 0.5}, {"edgeInfo": "protein_disease", "score": 0.01504589}]}, {"nodes": [{"nodeId": "DB12530", "nodeType": "drug", "nodeName": "Inebilizumab"}, {"nodeId": "930", "nodeType": "gene/protein", "nodeName": "CD19"}, {"nodeId": "19836", "nodeType": "disease", "nodeName": "congenital anomaly of hepatic vein"}], "edges": [{"edgeInfo": "drug_protein", "score": 0.5}, {"edgeInfo": "protein_disease", "score": 0.01504589}]}], "disease_name": "congenital anomaly of hepatic vein", "drug_id": "DB12530", "disease_node_id": "19836"}, "DB12530_1524": {"metapaths": [{"nodes": [{"nodeId": "DB12530", "nodeType": "drug", "nodeName": "Inebilizumab"}, {"nodeId": "930", "nodeType": "gene/protein", "nodeName": "CD19"}, {"nodeId": "1524", "nodeType": "disease", "nodeName": "globe disease"}], "edges": [{"edgeInfo": "drug_protein", "score": 0.5}, {"edgeInfo": "protein_disease", "score": 0.013851651}]}, {"nodes": [{"nodeId": "DB12530", "nodeType": "drug", "nodeName": "Inebilizumab"}, {"nodeId": "930", "nodeType": "gene/protein", "nodeName": "CD19"}, {"nodeId": "1524", "nodeType": "disease", "nodeName": "globe disease"}], "edges": [{"edgeInfo": "drug_protein", "score": 0.5}, {"edgeInfo": "protein_disease", "score": 0.013851651}]}], "disease_name": "globe disease", "drug_id": "DB12530", "disease_node_id": "1524"}, "DB12530_20442": {"metapaths": [{"nodes": [{"nodeId": "DB12530", "nodeType": "drug", "nodeName": "Inebilizumab"}, {"nodeId": "930", "nodeType": "gene/protein", "nodeName": "CD19"}, {"nodeId": "20442", "nodeType": "disease", "nodeName": "left superior vena cava persisting to left-sided atrium"}], "edges": [{"edgeInfo": "drug_protein", "score": 0.5}, {"edgeInfo": "protein_disease", "score": 0.013396539}]}, {"nodes": [{"nodeId": "DB12530", "nodeType": "drug", "nodeName": "Inebilizumab"}, {"nodeId": "930", "nodeType": "gene/protein", "nodeName": "CD19"}, {"nodeId": "20442", "nodeType": "disease", "nodeName": "left superior vena cava persisting to left-sided atrium"}], "edges": [{"edgeInfo": "drug_protein", "score": 0.5}, {"edgeInfo": "protein_disease", "score": 0.013396539}]}], "disease_name": "left superior vena cava persisting to left-sided atrium", "drug_id": "DB12530", "disease_node_id": "20442"}, "DB12530_19563": {"metapaths": [{"nodes": [{"nodeId": "DB12530", "nodeType": "drug", "nodeName": "Inebilizumab"}, {"nodeId": "930", "nodeType": "gene/protein", "nodeName": "CD19"}, {"nodeId": "19563", "nodeType": "disease", "nodeName": "CREST syndrome"}], "edges": [{"edgeInfo": "drug_protein", "score": 0.5}, {"edgeInfo": "protein_disease", "score": 0.012955933}]}, {"nodes": [{"nodeId": "DB12530", "nodeType": "drug", "nodeName": "Inebilizumab"}, {"nodeId": "930", "nodeType": "gene/protein", "nodeName": "CD19"}, {"nodeId": "19563", "nodeType": "disease", "nodeName": "CREST syndrome"}], "edges": [{"edgeInfo": "drug_protein", "score": 0.5}, {"edgeInfo": "protein_disease", "score": 0.012955933}]}], "disease_name": "CREST syndrome", "drug_id": "DB12530", "disease_node_id": "19563"}, "DB12530_12456": {"metapaths": [{"nodes": [{"nodeId": "DB12530", "nodeType": "drug", "nodeName": "Inebilizumab"}, {"nodeId": "930", "nodeType": "gene/protein", "nodeName": "CD19"}, {"nodeId": "12456", "nodeType": "disease", "nodeName": "congenital primary aphakia"}], "edges": [{"edgeInfo": "drug_protein", "score": 0.5}, {"edgeInfo": "protein_disease", "score": 0.0129436245}]}, {"nodes": [{"nodeId": "DB12530", "nodeType": "drug", "nodeName": "Inebilizumab"}, {"nodeId": "930", "nodeType": "gene/protein", "nodeName": "CD19"}, {"nodeId": "12456", "nodeType": "disease", "nodeName": "congenital primary aphakia"}], "edges": [{"edgeInfo": "drug_protein", "score": 0.5}, {"edgeInfo": "protein_disease", "score": 0.0129436245}]}], "disease_name": "congenital primary aphakia", "drug_id": "DB12530", "disease_node_id": "12456"}}