[
  {
    "name": "erenumab",
    "id": "DB14039"
  },
  {
    "name": "etanercept",
    "id": "DB00005"
  },
  {
    "name": "darbepoetin alfa",
    "id": "DB00012"
  },
  {
    "name": "filgrastim",
    "id": "DB00099"
  },
  {
    "name": "pegfilgrastim",
    "id": "DB00019"
  },
  {
    "name": "romiplostim",
    "id": "DB05332"
  },
  {
    "name": "romosozumab",
    "id": "DB11866"
  },
  {
    "name": "apremilast",
    "id": "DB05676"
  },
  {
    "name": "evolocumab",
    "id": "DB09303"
  },
  {
    "name": "panitumumab",
    "id": "DB01269"
  },
  {
    "name": "carfilzomib",
    "id": "DB08889"
  },
  {
    "name": "blinatumomab",
    "id": "DB09052"
  },
  {
    "name": "talimogene laherparepvec",
    "id": "DB13896"
  },
  {
    "name": "denosumab",
    "id": "DB06643"
  },
  {
    "name": "infliximab",
    "id": "DB00065"
  },
  {
    "name": "adalimumab",
    "id": "DB00051"
  },
  {
    "name": "trastuzumab",
    "id": "DB00072"
  },
  {
    "name": "bevacizumab",
    "id": "DB00112"
  },
  {
    "name": "rituximab",
    "id": "DB00073"
  },
  {
    "name": "tezepelumab",
    "id": "DB15090"
  },
  {
    "name": "interferon gamma-1b",
    "id": "DB00033"
  },
  {
    "name": "glycerol phenylbutyrate",
    "id": "DB08909"
  },
  {
    "name": "cysteamine",
    "id": "DB00847"
  },
  {
    "name": "pegloticase",
    "id": "DB09208"
  },
  {
    "name": "teprotumumab",
    "id": "DB06343"
  },
  {
    "name": "inebilizumab",
    "id": "DB12530"
  },
  {
    "name": "cinacalcet",
    "id": "DB01012"
  },
  {
    "name": "etelcalcetide",
    "id": "DB12865"
  }
]